"year","fips_state","state_code","state_name","poverty_rate","poverty_rate_moe","poverty_count","poverty_count_moe","poverty_universe","median_hh_income","median_hh_income_moe"
"1989","01","AL","Alabama",17.7,0.65,709148,25350,,22202,1076
"1993","01","AL","Alabama",18.8,1,790351,41395,,25907,1168
"1995","01","AL","Alabama",17.6,0.65,752097,28562,,27357,1404
"1996","01","AL","Alabama",16.7,1,717822,42960,,29618,1785
"1997","01","AL","Alabama",16.2,1,700944,43620,,30790,1659
"1998","01","AL","Alabama",15.7,1,681788,42670,4348444,33204,1991
"1999","01","AL","Alabama",15.3,0.95,667468,42217,4368014,33840,1469
"2000","01","AL","Alabama",14.6,0.7,637119,30864,4371402,34923,1683
"2001","01","AL","Alabama",15.7,0.65,685071,29769,4373427,34761,1384
"2002","01","AL","Alabama",15.4,0.7,679856,33029,4414359,35943,1757
"2003","01","AL","Alabama",15.3,0.75,677455,32808,4436894,36131,1472
"2004","01","AL","Alabama",16.1,0.95,717483,41491,4463171,37062,1448
"2005","01","AL","Alabama",16.9,0.35,749592,14919,4429785,36936,505
"2006","01","AL","Alabama",16.6,0.3,743556,13259,4482161,38811,491
"2007","01","AL","Alabama",16.6,0.35,750197,15498,4506569,40596,418
"2008","01","AL","Alabama",15.9,0.3,721875,14892,4541753,42586,662
"2009","01","AL","Alabama",17.5,0.35,805223,16110,4588886,40547,510
"2010","01","AL","Alabama",18.9,0.3,883078,15972,4667040,40538,457
"2011","01","AL","Alabama",19.1,0.4,896117,16943,4687327,41427,533
"2012","01","AL","Alabama",19,0.3,896515,16310,4706967,41610,467
"2013","01","AL","Alabama",18.9,0.3,889091,15950,4716072,42882,622
"2014","01","AL","Alabama",19.2,0.4,905682,17365,4727546,42917,582
"2015","01","AL","Alabama",18.5,0.3,875853,16072,4736374,44833,723
"2016","01","AL","Alabama",17.2,0.4,814197,17270,4741355,46309,659
"2017","01","AL","Alabama",16.9,0.4,802263,17746,4752519,48193,742
"2018","01","AL","Alabama",16.8,0.3,801758,16090,4763811,49881,758
"1989","02","AK","Alaska",10.6,0.65,57539,3480,,33885,2046
"1993","02","AK","Alaska",11.2,1.05,67099,6348,,39431,1624
"1995","02","AK","Alaska",10.1,0.65,60735,3866,,42255,1987
"1996","02","AK","Alaska",10.6,1.1,64480,6773,,44797,2883
"1997","02","AK","Alaska",11.2,1.15,68409,6980,,43657,2400
"1998","02","AK","Alaska",10.8,1.15,65970,6959,611654,47177,2148
"1999","02","AK","Alaska",8.8,0.95,53963,6046,616255,49133,1605
"2000","02","AK","Alaska",8.5,0.7,52442,4029,616957,51433,2092
"2001","02","AK","Alaska",8.7,0.65,54357,4129,628085,52332,1826
"2002","02","AK","Alaska",9.3,0.65,58932,4370,636327,51844,1984
"2003","02","AK","Alaska",9.8,0.65,63126,4206,642387,52391,1627
"2004","02","AK","Alaska",10,0.85,64660,5723,649816,52141,1687
"2005","02","AK","Alaska",10.8,0.5,69093,3143,637576,55477,1267
"2006","02","AK","Alaska",10.9,0.5,71120,3060,651952,58572,1127
"2007","02","AK","Alaska",9.8,0.5,65266,3101,666598,62854,1285
"2008","02","AK","Alaska",9.2,0.5,61871,3365,669799,67332,1613
"2009","02","AK","Alaska",9.1,0.5,61949,3461,682420,66712,1536
"2010","02","AK","Alaska",11,0.6,76850,3934,696834,63456,1395
"2011","02","AK","Alaska",10.8,0.5,76021,3422,706859,65699,1552
"2012","02","AK","Alaska",10.8,0.5,77494,3451,715616,66503,1490
"2013","02","AK","Alaska",10.1,0.5,72643,3587,718370,70058,1633
"2014","02","AK","Alaska",11.4,0.6,81622,4011,717708,70898,1475
"2015","02","AK","Alaska",10.4,0.5,74941,3542,720764,73391,1869
"2016","02","AK","Alaska",9.9,0.6,71916,4103,723955,76144,1769
"2017","02","AK","Alaska",11,0.6,79428,4155,720474,74058,1959
"2018","02","AK","Alaska",11.1,0.6,80224,3971,720866,74912,1837
"1989","04","AZ","Arizona",14.7,0.6,535462,22186,,28924,1143
"1993","04","AZ","Arizona",18.5,0.95,757556,39113,,28427,1329
"1995","04","AZ","Arizona",16.3,0.6,722660,27047,,31736,1437
"1996","04","AZ","Arizona",16.3,1,741878,46065,,32708,1735
"1997","04","AZ","Arizona",15.5,1,720713,46056,,34751,1685
"1998","04","AZ","Arizona",14.9,0.95,710652,45780,4764511,37281,1652
"1999","04","AZ","Arizona",12.8,0.95,643045,47352,5027482,38642,1297
"2000","04","AZ","Arizona",12.5,0.75,646762,39608,5194502,40437,1782
"2001","04","AZ","Arizona",13.2,0.8,703143,42134,5342423,41403,1461
"2002","04","AZ","Arizona",13.6,0.8,746145,45662,5485046,40724,1710
"2003","04","AZ","Arizona",13.9,0.8,783005,46497,5643394,41963,1406
"2004","04","AZ","Arizona",14.6,1,853587,57662,5842118,43696,1414
"2005","04","AZ","Arizona",14.4,0.3,836742,18329,5802687,44402,603
"2006","04","AZ","Arizona",14.2,0.3,860355,17502,6052140,47315,425
"2007","04","AZ","Arizona",14.1,0.35,876120,20249,6225517,49923,491
"2008","04","AZ","Arizona",14.7,0.35,935247,20084,6379305,51009,503
"2009","04","AZ","Arizona",16.5,0.35,1065728,20577,6475512,48711,469
"2010","04","AZ","Arizona",17.6,0.4,1105075,22791,6272700,46787,509
"2011","04","AZ","Arizona",19,0.4,1201376,24847,6336450,46710,537
"2012","04","AZ","Arizona",18.7,0.3,1195931,18531,6401276,47796,583
"2013","04","AZ","Arizona",18.6,0.4,1206948,22841,6477186,48504,572
"2014","04","AZ","Arizona",18.2,0.3,1195889,20222,6573428,50036,475
"2015","04","AZ","Arizona",17.4,0.3,1159046,22380,6671708,51473,427
"2016","04","AZ","Arizona",16.4,0.3,1107153,20671,6771106,53481,618
"2017","04","AZ","Arizona",14.9,0.3,1023337,20564,6856072,56508,509
"2018","04","AZ","Arizona",14.1,0.3,990291,19677,7013461,59079,713
"1989","05","AR","Arkansas",17.9,0.7,417155,16297,,20729,1125
"1993","05","AR","Arkansas",18.9,1,461948,24558,,24019,1189
"1995","05","AR","Arkansas",18.2,0.85,455776,20325,,26515,1406
"1996","05","AR","Arkansas",17.6,1,442445,25428,,27367,1684
"1997","05","AR","Arkansas",17.5,1.1,442856,27291,,27875,1641
"1998","05","AR","Arkansas",16.4,1.1,417961,27721,2544944,29212,1708
"1999","05","AR","Arkansas",15.1,1,395852,26135,2617823,31217,1369
"2000","05","AR","Arkansas",15,0.8,394960,20174,2634478,31496,1799
"2001","05","AR","Arkansas",15.9,0.8,419048,20528,2638565,32864,1468
"2002","05","AR","Arkansas",16.3,0.85,435986,22877,2672831,32819,1684
"2003","05","AR","Arkansas",16,0.8,432240,21534,2693460,33445,1451
"2004","05","AR","Arkansas",15.6,1,424576,27300,2720895,35295,1465
"2005","05","AR","Arkansas",17.2,0.35,461758,9954,2690032,35041,565
"2006","05","AR","Arkansas",17.3,0.35,471161,9781,2729099,36627,473
"2007","05","AR","Arkansas",17.6,0.35,483510,10069,2753934,38239,691
"2008","05","AR","Arkansas",17.3,0.4,479140,11569,2774138,38820,682
"2009","05","AR","Arkansas",18.5,0.4,519026,12214,2806037,37888,599
"2010","05","AR","Arkansas",18.7,0.4,529710,11259,2839786,38413,607
"2011","05","AR","Arkansas",19.3,0.4,550079,11888,2856679,38889,722
"2012","05","AR","Arkansas",19.6,0.4,560928,11894,2865097,40151,485
"2013","05","AR","Arkansas",19.4,0.4,557399,12126,2873346,40605,684
"2014","05","AR","Arkansas",18.7,0.4,539999,11395,2882846,41335,633
"2015","05","AR","Arkansas",18.7,0.4,540733,11977,2887336,42046,472
"2016","05","AR","Arkansas",17.2,0.4,497388,12208,2898653,44406,876
"2017","05","AR","Arkansas",16.3,0.4,475883,11917,2916343,45916,735
"2018","05","AR","Arkansas",16.8,0.5,492306,14053,2925473,47094,693
"1989","06","CA","California",12.7,0.85,3749256,252215,,33474,878
"1993","06","CA","California",17.4,0.95,5428276,290821,,34128,1013
"1995","06","CA","California",16.5,0.95,5215575,297317,,36767,1057
"1996","06","CA","California",16.7,0.75,5343610,241210,,38691,1144
"1997","06","CA","California",16,0.75,5195477,242689,,39595,1110
"1998","06","CA","California",14.9,0.7,4917053,231859,32955150,41003,1160
"1999","06","CA","California",13.7,0.6,4562089,213068,33284948,43924,1111
"2000","06","CA","California",12.7,0.5,4304909,170968,33846211,46836,1295
"2001","06","CA","California",12.9,0.5,4418040,181109,34262724,47064,1169
"2002","06","CA","California",13.3,0.55,4646661,187604,34866022,47323,1256
"2003","06","CA","California",13.7,0.55,4836106,196177,35219959,48440,1294
"2004","06","CA","California",13.2,0.6,4681645,218000,35468826,49894,1278
"2005","06","CA","California",13.3,0.2,4669056,60947,35121556,53627,318
"2006","06","CA","California",13.1,0.15,4686706,51177,35675333,56646,234
"2007","06","CA","California",12.4,0.15,4445392,46013,35768034,59928,292
"2008","06","CA","California",13.3,0.15,4781201,55492,35984453,61017,235
"2009","06","CA","California",14.2,0.15,5132640,47953,36202910,58925,271
"2010","06","CA","California",15.8,0.1,5785036,52655,36593422,57664,348
"2011","06","CA","California",16.6,0.2,6121726,56035,36941941,57275,278
"2012","06","CA","California",17,0.1,6323433,48519,37303312,58322,350
"2013","06","CA","California",16.8,0.1,6328064,51125,37593095,60185,254
"2014","06","CA","California",16.4,0.1,6253423,49967,38060226,61927,238
"2015","06","CA","California",15.4,0.1,5896255,51538,38398077,64483,392
"2016","06","CA","California",14.4,0.1,5527621,51786,38513333,67715,354
"2017","06","CA","California",13.3,0.1,5164169,52964,38793030,71785,293
"2018","06","CA","California",12.8,0.1,4972955,45844,38818530,75250,316
"1989","08","CO","Colorado",11.7,0.4,381825,12737,,28368,1191
"1993","08","CO","Colorado",11.7,0.85,428707,32179,,33115,1303
"1995","08","CO","Colorado",10.4,0.5,392938,18538,,37235,1647
"1996","08","CO","Colorado",10.5,0.85,407576,33411,,38923,2060
"1997","08","CO","Colorado",10.2,0.95,403410,37639,,40853,1899
"1998","08","CO","Colorado",9.9,0.9,400813,35477,4042184,43402,2016
"1999","08","CO","Colorado",8.9,0.85,375202,36032,4224816,45557,1491
"2000","08","CO","Colorado",8.9,0.65,384830,26809,4341448,47505,1840
"2001","08","CO","Colorado",8.7,0.55,381718,25802,4408629,48483,1503
"2002","08","CO","Colorado",9.5,0.65,426822,29868,4476876,48060,1735
"2003","08","CO","Colorado",10,0.7,451658,30120,4521138,49248,1448
"2004","08","CO","Colorado",10.2,0.8,466804,36897,4586406,50105,1487
"2005","08","CO","Colorado",10.9,0.25,497763,12939,4549948,50841,529
"2006","08","CO","Colorado",11.6,0.3,539332,12950,4653234,52265,481
"2007","08","CO","Colorado",11.5,0.3,548520,14623,4756240,55517,625
"2008","08","CO","Colorado",11.2,0.3,540845,15363,4835405,57184,611
"2009","08","CO","Colorado",12.6,0.35,618676,16630,4917085,55735,670
"2010","08","CO","Colorado",13.2,0.3,651744,15467,4934178,54411,685
"2011","08","CO","Colorado",13.4,0.3,669267,14967,5002119,55530,586
"2012","08","CO","Colorado",13.6,0.3,688715,14554,5069069,56880,575
"2013","08","CO","Colorado",12.9,0.3,665351,15130,5151496,58942,771
"2014","08","CO","Colorado",12.1,0.3,632987,15116,5237165,61324,478
"2015","08","CO","Colorado",11.5,0.3,614410,14862,5339619,63945,856
"2016","08","CO","Colorado",11,0.2,598378,13361,5420315,65718,621
"2017","08","CO","Colorado",10.3,0.3,566118,13992,5483100,69113,752
"2018","08","CO","Colorado",9.7,0.2,540579,13799,5577050,71949,640
"1989","09","CT","Connecticut",7,0.6,227293,19245,,39548,1444
"1993","09","CT","Connecticut",9.2,0.9,299978,30350,,42102,1550
"1995","09","CT","Connecticut",8.3,0.65,268933,22497,,43274,1867
"1996","09","CT","Connecticut",9,0.95,292139,31441,,44981,2372
"1997","09","CT","Connecticut",8.9,1,291242,32481,,46648,2084
"1998","09","CT","Connecticut",8.7,1,283772,33009,3269698,49846,2235
"1999","09","CT","Connecticut",7.5,0.9,249882,29989,3346516,51706,1773
"2000","09","CT","Connecticut",7.3,0.6,243428,20073,3354407,52758,2135
"2001","09","CT","Connecticut",7.1,0.6,239721,20134,3376805,55060,1768
"2002","09","CT","Connecticut",7.8,0.65,267357,22695,3415138,54543,2026
"2003","09","CT","Connecticut",8,0.65,273051,22536,3429223,56409,1806
"2004","09","CT","Connecticut",9.1,0.85,314619,29053,3438970,56617,1854
"2005","09","CT","Connecticut",8.3,0.35,282379,10880,3383915,60840,741
"2006","09","CT","Connecticut",8.3,0.25,281079,9034,3393426,63352,751
"2007","09","CT","Connecticut",7.9,0.25,269045,9093,3387526,65969,756
"2008","09","CT","Connecticut",9.1,0.3,308479,10717,3390658,68294,1057
"2009","09","CT","Connecticut",9.3,0.35,318008,11469,3409906,66906,896
"2010","09","CT","Connecticut",10.1,0.3,348881,10872,3466981,64321,949
"2011","09","CT","Connecticut",10.8,0.3,373284,11852,3471805,65822,801
"2012","09","CT","Connecticut",10.6,0.3,370537,11227,3484176,67275,812
"2013","09","CT","Connecticut",10.7,0.3,373387,11120,3485349,67262,983
"2014","09","CT","Connecticut",10.8,0.3,375281,10886,3485626,70007,788
"2015","09","CT","Connecticut",10.6,0.3,367867,11783,3480915,71333,760
"2016","09","CT","Connecticut",9.9,0.3,342171,11205,3469517,73380,994
"2017","09","CT","Connecticut",9.7,0.4,338651,12291,3482563,74428,1225
"2018","09","CT","Connecticut",10.3,0.3,358519,10806,3468263,76366,882
"1989","10","DE","Delaware",9.4,0.55,61417,3500,,31606,1194
"1993","10","DE","Delaware",11.1,0.9,78052,6216,,36002,1300
"1995","10","DE","Delaware",9.7,0.55,69849,3935,,37345,1630
"1996","10","DE","Delaware",9.8,0.9,71563,6684,,39701,2103
"1997","10","DE","Delaware",10,0.95,73868,6954,,41315,1888
"1998","10","DE","Delaware",9.7,0.95,72696,6894,746861,42662,1904
"1999","10","DE","Delaware",9.4,0.9,71888,7093,765873,45201,1470
"2000","10","DE","Delaware",8.7,0.65,67374,4902,778813,47812,2075
"2001","10","DE","Delaware",8.4,0.65,66445,5035,788537,47876,1585
"2002","10","DE","Delaware",9.3,0.7,74526,5523,802257,48096,1927
"2003","10","DE","Delaware",9,0.7,73415,5881,814294,48770,1520
"2004","10","DE","Delaware",9.6,0.85,79844,7021,828029,49545,1512
"2005","10","DE","Delaware",10.3,0.45,84291,3634,815080,52508,1094
"2006","10","DE","Delaware",10.7,0.5,88749,3814,828661,53714,1111
"2007","10","DE","Delaware",10.3,0.45,86653,3978,838480,55988,1264
"2008","10","DE","Delaware",10.3,0.45,87977,4095,850835,58380,1390
"2009","10","DE","Delaware",11.2,0.6,96409,5063,860973,56985,1303
"2010","10","DE","Delaware",11.9,0.5,104456,4737,874333,56172,1154
"2011","10","DE","Delaware",12.6,0.5,111176,4730,882353,58159,1300
"2012","10","DE","Delaware",12.7,0.6,113316,5033,890737,58326,1301
"2013","10","DE","Delaware",12.9,0.6,115774,5807,900322,58244,1514
"2014","10","DE","Delaware",13,0.5,118032,4953,909603,59853,1390
"2015","10","DE","Delaware",12.6,0.6,115655,5517,920351,61327,1180
"2016","10","DE","Delaware",11.8,0.5,109592,4850,926860,62112,1320
"2017","10","DE","Delaware",13,0.6,121592,5411,934947,64085,1884
"2018","10","DE","Delaware",12.2,0.6,114691,5747,940779,65467,1405
"1989","11","DC","District of Columbia",15,0.65,86780,3614,,29322,1184
"1993","11","DC","District of Columbia",20.4,1.15,111771,6330,,31422,1222
"1995","11","DC","District of Columbia",20.8,1.7,107616,8755,,33682,1514
"1996","11","DC","District of Columbia",21.9,1.55,111970,7782,,34436,1994
"1997","11","DC","District of Columbia",19.3,1.65,96253,8095,,34980,1861
"1998","11","DC","District of Columbia",18.2,1.3,90664,6394,498986,36442,1986
"1999","11","DC","District of Columbia",17.3,1.45,95123,7836,551208,38654,1336
"2000","11","DC","District of Columbia",16.3,1.2,91435,6738,560501,40606,1825
"2001","11","DC","District of Columbia",17.5,1.15,97584,6513,556867,41112,1425
"2002","11","DC","District of Columbia",17.2,1.2,95179,6645,551917,40617,1752
"2003","11","DC","District of Columbia",17.5,1.25,94560,6740,540061,43215,1558
"2004","11","DC","District of Columbia",18.3,1.35,98309,7146,537943,46211,1519
"2005","11","DC","District of Columbia",18.3,0.65,93799,3250,513130,48078,1291
"2006","11","DC","District of Columbia",18.1,0.7,99671,3881,551162,51746,993
"2007","11","DC","District of Columbia",17.1,0.75,95441,4121,559556,54812,1380
"2008","11","DC","District of Columbia",16.9,0.75,95232,4185,561869,58553,1820
"2009","11","DC","District of Columbia",17.6,0.95,100489,5524,570114,58906,1292
"2010","11","DC","District of Columbia",18.8,0.9,107279,4920,570954,60729,1177
"2011","11","DC","District of Columbia",19.1,0.9,111906,5117,584583,62087,1655
"2012","11","DC","District of Columbia",18.8,0.9,112719,5423,598151,65231,1553
"2013","11","DC","District of Columbia",18.8,0.9,115096,5456,611783,66326,2081
"2014","11","DC","District of Columbia",18.4,0.9,114790,5823,624323,69992,1617
"2015","11","DC","District of Columbia",17.7,0.9,113185,5870,638024,73115,2033
"2016","11","DC","District of Columbia",18.5,1,119778,6187,647652,74093,2213
"2017","11","DC","District of Columbia",16.6,0.8,109502,5397,660640,80153,2021
"2018","11","DC","District of Columbia",16.1,0.9,107806,5973,669029,82533,2347
"1989","12","FL","Florida",12.9,0.65,1655523,84802,,26589,867
"1993","12","FL","Florida",16,0.85,2220199,112896,,28230,1013
"1995","12","FL","Florida",15.2,0.65,2183686,93737,,29998,1035
"1996","12","FL","Florida",14.2,0.7,2075160,105980,,31008,1148
"1997","12","FL","Florida",14.4,0.75,2129825,113325,,32877,1129
"1998","12","FL","Florida",13.6,0.7,2040634,109534,15022569,34757,1188
"1999","12","FL","Florida",12.4,0.7,1939545,109362,15690191,36309,1068
"2000","12","FL","Florida",11.7,0.6,1877399,94484,16002039,38784,1334
"2001","12","FL","Florida",12.6,0.55,2048082,92432,16306747,37319,1225
"2002","12","FL","Florida",12.8,0.6,2137435,101905,16684871,38226,1270
"2003","12","FL","Florida",13,0.6,2219257,102925,17028820,38985,1176
"2004","12","FL","Florida",11.9,0.7,2074997,119265,17434082,40900,1209
"2005","12","FL","Florida",12.8,0.2,2220829,33953,17308815,42437,268
"2006","12","FL","Florida",12.6,0.2,2232534,30992,17686243,45494,245
"2007","12","FL","Florida",12.1,0.15,2167111,29542,17846784,47804,336
"2008","12","FL","Florida",13.3,0.15,2375225,33034,17923499,47802,348
"2009","12","FL","Florida",15,0.2,2712692,33549,18124831,44755,287
"2010","12","FL","Florida",16.5,0.2,3048621,34207,18436765,44390,319
"2011","12","FL","Florida",17,0.2,3178155,39163,18652058,44250,400
"2012","12","FL","Florida",17.2,0.2,3248276,36053,18912451,45006,342
"2013","12","FL","Florida",17.1,0.2,3268130,44239,19129965,46021,307
"2014","12","FL","Florida",16.6,0.2,3231142,43472,19470220,47439,326
"2015","12","FL","Florida",15.8,0.2,3129061,37658,19850025,49416,329
"2016","12","FL","Florida",14.8,0.2,2986237,38840,20191307,50857,241
"2017","12","FL","Florida",14.1,0.2,2901876,41072,20569893,52582,361
"2018","12","FL","Florida",13.7,0.2,2854438,38771,20882673,55433,381
"1989","13","GA","Georgia",14.9,0.45,951260,29410,,27317,1198
"1993","13","GA","Georgia",16.8,0.9,1174335,63017,,31148,1232
"1995","13","GA","Georgia",15.6,0.45,1136374,31617,,33623,1479
"1996","13","GA","Georgia",15.3,0.85,1142810,65818,,33763,1769
"1997","13","GA","Georgia",14.7,0.95,1113562,72709,,36372,1593
"1998","13","GA","Georgia",14.1,0.95,1087118,74596,7723470,37826,1766
"1999","13","GA","Georgia",12.7,0.95,1013862,74972,8008176,39910,1379
"2000","13","GA","Georgia",12.3,0.7,1006329,57267,8201336,42057,1858
"2001","13","GA","Georgia",12.7,0.75,1058513,61583,8311896,42006,1509
"2002","13","GA","Georgia",13,0.85,1107209,70866,8498449,42359,1810
"2003","13","GA","Georgia",13.4,0.8,1155544,70331,8631783,42421,1525
"2004","13","GA","Georgia",13.7,0.95,1217686,82465,8874406,42679,1463
"2005","13","GA","Georgia",14.5,0.25,1271409,23251,8789139,45564,423
"2006","13","GA","Georgia",14.8,0.25,1340255,21348,9082634,46808,391
"2007","13","GA","Georgia",14.3,0.25,1329161,21995,9286060,49080,474
"2008","13","GA","Georgia",14.7,0.25,1388959,23572,9417950,50834,406
"2009","13","GA","Georgia",16.6,0.3,1585116,27032,9535751,47469,409
"2010","13","GA","Georgia",18,0.3,1698004,27499,9446940,46252,460
"2011","13","GA","Georgia",19.2,0.3,1836715,29961,9550252,45886,448
"2012","13","GA","Georgia",19.2,0.3,1852459,26407,9652654,47125,375
"2013","13","GA","Georgia",19,0.3,1849944,26518,9720922,47765,611
"2014","13","GA","Georgia",18.4,0.3,1802783,27199,9823818,49240,532
"2015","13","GA","Georgia",17.2,0.3,1705831,25747,9943136,51225,369
"2016","13","GA","Georgia",16.1,0.3,1612368,26105,10040187,53468,690
"2017","13","GA","Georgia",15.1,0.3,1536069,32192,10154766,56117,562
"2018","13","GA","Georgia",14.5,0.3,1484439,25785,10238647,58634,694
"1989","15","HI","Hawaii",9.4,0.85,102808,9045,,35832,1304
"1993","15","HI","Hawaii",9.6,1.05,110972,12461,,39890,1433
"1995","15","HI","Hawaii",9.9,1.25,115876,14602,,43973,1952
"1996","15","HI","Hawaii",11.7,1.1,137386,13220,,43677,2294
"1997","15","HI","Hawaii",11.1,1.2,130644,14508,,43627,2005
"1998","15","HI","Hawaii",10.5,1,122841,12002,1168123,41627,2506
"1999","15","HI","Hawaii",10.5,0.95,124495,11131,1187891,44755,2088
"2000","15","HI","Hawaii",9.9,0.65,118357,7587,1191305,49005,2635
"2001","15","HI","Hawaii",10.4,0.65,125890,7468,1204882,46535,2264
"2002","15","HI","Hawaii",11,0.65,134683,8387,1228918,47424,2362
"2003","15","HI","Hawaii",10.8,0.7,133365,8574,1233307,48274,2211
"2004","15","HI","Hawaii",9,0.9,112437,11325,1245729,51359,2417
"2005","15","HI","Hawaii",9.9,0.4,121756,5110,1233775,56133,1502
"2006","15","HI","Hawaii",9.4,0.4,117811,5210,1252102,60554,1032
"2007","15","HI","Hawaii",8.5,0.35,106232,4663,1254861,62613,1513
"2008","15","HI","Hawaii",9.3,0.45,116618,6127,1260600,66701,1638
"2009","15","HI","Hawaii",10.4,0.5,131896,6220,1264182,63741,1319
"2010","15","HI","Hawaii",11.1,0.5,146923,6341,1326381,62774,1274
"2011","15","HI","Hawaii",12.1,0.5,161606,6988,1338541,62071,969
"2012","15","HI","Hawaii",11.8,0.5,159988,6160,1356821,66086,1403
"2013","15","HI","Hawaii",11.2,0.5,153375,6714,1367661,67798,1370
"2014","15","HI","Hawaii",11.5,0.5,158266,6416,1379800,69549,1313
"2015","15","HI","Hawaii",10.7,0.4,149091,5793,1394130,73097,1775
"2016","15","HI","Hawaii",9.5,0.5,132597,7024,1389436,74659,1576
"2017","15","HI","Hawaii",9.5,0.4,132201,5720,1388545,77936,1596
"2018","15","HI","Hawaii",9,0.5,124400,6266,1382453,80527,1771
"1989","16","ID","Idaho",13.5,0.55,135498,5540,,25267,1107
"1993","16","ID","Idaho",12.5,0.95,142604,11216,,28987,1234
"1995","16","ID","Idaho",12.6,0.75,149245,9289,,32003,1534
"1996","16","ID","Idaho",11.9,0.95,144038,11512,,33279,1915
"1997","16","ID","Idaho",13,1,159237,12320,,33612,1585
"1998","16","ID","Idaho",12.6,0.95,157351,11990,1251465,35863,1733
"1999","16","ID","Idaho",12.1,0.95,154304,12294,1271849,36656,1297
"2000","16","ID","Idaho",11.2,0.65,145043,8424,1293002,37929,1771
"2001","16","ID","Idaho",11.5,0.65,151614,8511,1314960,38459,1418
"2002","16","ID","Idaho",11.7,0.7,156519,9659,1340189,38242,1712
"2003","16","ID","Idaho",11.7,0.7,160019,9931,1365507,39859,1542
"2004","16","ID","Idaho",11.5,0.95,160788,13544,1403100,40509,1654
"2005","16","ID","Idaho",13.4,0.45,186454,5984,1388737,41269,756
"2006","16","ID","Idaho",12.8,0.4,182933,5366,1431508,42846,780
"2007","16","ID","Idaho",12.1,0.35,177830,5692,1464464,46136,702
"2008","16","ID","Idaho",12.5,0.5,186015,7292,1489050,47561,907
"2009","16","ID","Idaho",14.4,0.5,217528,7664,1511955,44644,860
"2010","16","ID","Idaho",15.8,0.5,244009,7435,1541857,43259,879
"2011","16","ID","Idaho",16.5,0.5,256257,8133,1550079,43345,1132
"2012","16","ID","Idaho",16,0.5,250203,7971,1565489,45296,861
"2013","16","ID","Idaho",15.6,0.6,246708,9366,1582907,46621,876
"2014","16","ID","Idaho",14.8,0.5,237604,7521,1603065,47572,1138
"2015","16","ID","Idaho",14.7,0.6,238646,9173,1622106,48311,1030
"2016","16","ID","Idaho",13.8,0.6,228037,9269,1652583,51647,911
"2017","16","ID","Idaho",12.6,0.5,211937,8306,1686488,52280,832
"2018","16","ID","Idaho",11.7,0.4,201804,7744,1723134,55524,875
"1989","17","IL","Illinois",11.9,0.6,1348440,66093,,31846,1028
"1993","17","IL","Illinois",13.4,0.8,1565290,93480,,33592,1087
"1995","17","IL","Illinois",11.3,0.5,1331704,60107,,38078,1325
"1996","17","IL","Illinois",12,0.7,1428275,84580,,39490,1510
"1997","17","IL","Illinois",11.3,0.75,1353506,87437,,41179,1403
"1998","17","IL","Illinois",10.6,0.8,1281425,94439,12057888,43141,1448
"1999","17","IL","Illinois",10.1,0.7,1236644,85571,12198363,45214,1299
"2000","17","IL","Illinois",10,0.55,1227886,64919,12243210,46327,1559
"2001","17","IL","Illinois",10.1,0.55,1247836,64797,12324141,46991,1323
"2002","17","IL","Illinois",11.3,0.65,1411869,85994,12443493,44946,1718
"2003","17","IL","Illinois",11.4,0.65,1426978,80828,12477639,47367,1496
"2004","17","IL","Illinois",11.9,0.75,1486115,90281,12528129,47711,1410
"2005","17","IL","Illinois",12,0.2,1484992,26050,12400423,50270,331
"2006","17","IL","Illinois",12.3,0.2,1536133,23079,12516474,52012,271
"2007","17","IL","Illinois",11.9,0.2,1496152,23997,12541197,54141,363
"2008","17","IL","Illinois",12.2,0.15,1529235,22085,12568180,56230,361
"2009","17","IL","Illinois",13.3,0.2,1671343,28411,12574339,53974,395
"2010","17","IL","Illinois",13.8,0.2,1732129,24298,12543476,52967,426
"2011","17","IL","Illinois",14.9,0.2,1871484,25987,12566914,53271,498
"2012","17","IL","Illinois",14.7,0.2,1847371,23786,12573692,55126,401
"2013","17","IL","Illinois",14.6,0.2,1841996,26108,12576676,56212,398
"2014","17","IL","Illinois",14.3,0.2,1802337,23384,12571810,57458,423
"2015","17","IL","Illinois",13.6,0.2,1702210,25229,12559451,59590,504
"2016","17","IL","Illinois",13,0.2,1620974,25350,12502043,60977,386
"2017","17","IL","Illinois",12.5,0.2,1568670,25413,12503704,63044,535
"2018","17","IL","Illinois",12.1,0.2,1509348,23376,12447296,65063,493
"1989","18","IN","Indiana",10.3,0.45,560095,26639,,27769,1173
"1993","18","IN","Indiana",11.9,0.9,679988,50038,,31055,1249
"1995","18","IN","Indiana",9.8,0.55,571135,30874,,34368,1548
"1996","18","IN","Indiana",9.3,0.9,543118,50988,,35502,1884
"1997","18","IN","Indiana",9.9,0.9,583055,53012,,37909,1719
"1998","18","IN","Indiana",10,0.9,588765,53040,5905936,39719,1749
"1999","18","IN","Indiana",8.7,0.9,517883,54892,5965230,40654,1354
"2000","18","IN","Indiana",8.8,0.6,529323,35824,5997637,41511,1716
"2001","18","IN","Indiana",9,0.6,543742,36556,6028841,42073,1428
"2002","18","IN","Indiana",9.6,0.65,585247,40302,6081423,41973,1635
"2003","18","IN","Indiana",10,0.65,609645,39237,6111108,43323,1352
"2004","18","IN","Indiana",11.1,0.8,683371,51238,6151698,43217,1379
"2005","18","IN","Indiana",12.2,0.25,736632,16363,6059456,44051,482
"2006","18","IN","Indiana",12.5,0.25,768642,15770,6125594,45414,409
"2007","18","IN","Indiana",12.3,0.2,755245,14372,6145054,47422,371
"2008","18","IN","Indiana",12.9,0.25,799567,15747,6175905,48010,530
"2009","18","IN","Indiana",14.4,0.3,895619,17335,6228213,45427,444
"2010","18","IN","Indiana",15.3,0.3,960402,17907,6294427,44616,438
"2011","18","IN","Indiana",15.8,0.3,1001053,17994,6318952,46410,446
"2012","18","IN","Indiana",15.5,0.2,984948,15431,6342403,46954,414
"2013","18","IN","Indiana",15.8,0.3,1008411,17777,6367955,47508,506
"2014","18","IN","Indiana",15.2,0.3,968437,17639,6391497,49384,478
"2015","18","IN","Indiana",14.4,0.3,924428,17947,6417433,50510,384
"2016","18","IN","Indiana",14,0.3,899168,17478,6432851,52289,367
"2017","18","IN","Indiana",13.3,0.3,860753,18850,6463664,54134,641
"2018","18","IN","Indiana",13,0.3,844165,17506,6489270,55725,515
"1989","19","IA","Iowa",10.4,0.5,283815,13277,,26169,1155
"1993","19","IA","Iowa",11.1,0.9,312380,24874,,28867,1199
"1995","19","IA","Iowa",9.8,0.55,276364,15714,,33436,1589
"1996","19","IA","Iowa",9.5,0.9,269368,24799,,33721,1895
"1997","19","IA","Iowa",9.9,0.95,280797,26313,,35427,1746
"1998","19","IA","Iowa",9.5,0.9,270604,26496,2845329,38159,1796
"1999","19","IA","Iowa",8.5,0.9,243340,25212,2865354,39537,1483
"2000","19","IA","Iowa",8.3,0.6,237684,16610,2864222,40443,1789
"2001","19","IA","Iowa",8.2,0.6,236115,16812,2868973,41216,1446
"2002","19","IA","Iowa",9.1,0.65,262013,18891,2886448,41052,1712
"2003","19","IA","Iowa",9.1,0.65,263817,18937,2892343,42278,1456
"2004","19","IA","Iowa",10.5,0.85,304598,24294,2905637,42865,1535
"2005","19","IA","Iowa",10.8,0.3,308713,8040,2853598,43610,497
"2006","19","IA","Iowa",11,0.3,315973,7966,2878433,44560,501
"2007","19","IA","Iowa",11,0.3,316303,8932,2881771,47324,553
"2008","19","IA","Iowa",11.4,0.3,331057,8976,2899767,49007,627
"2009","19","IA","Iowa",11.8,0.3,342309,9123,2905377,48065,417
"2010","19","IA","Iowa",12.5,0.3,368965,10178,2950202,48031,610
"2011","19","IA","Iowa",12.7,0.3,376300,9068,2963596,49545,663
"2012","19","IA","Iowa",12.7,0.3,377110,9482,2974222,50997,424
"2013","19","IA","Iowa",12.6,0.3,377037,9721,2991661,52286,522
"2014","19","IA","Iowa",12.3,0.3,368678,10125,3004852,53816,729
"2015","19","IA","Iowa",12.1,0.3,366453,9629,3021824,54843,763
"2016","19","IA","Iowa",11.7,0.3,354429,9205,3031272,56354,677
"2017","19","IA","Iowa",10.8,0.3,328629,8913,3044666,58706,817
"2018","19","IA","Iowa",11.2,0.3,342574,9672,3055988,60071,844
"1989","20","KS","Kansas",10.8,0.5,262486,11113,,26924,1114
"1993","20","KS","Kansas",12.2,0.9,308253,21903,,29544,1183
"1995","20","KS","Kansas",11,0.55,280971,13897,,32114,1473
"1996","20","KS","Kansas",10.8,0.9,277256,22615,,33610,1866
"1997","20","KS","Kansas",10.9,0.95,283038,24530,,36488,1690
"1998","20","KS","Kansas",10.5,0.95,274974,24388,2627795,38553,1828
"1999","20","KS","Kansas",10.2,0.95,269204,24594,2629867,39726,1460
"2000","20","KS","Kansas",8.9,0.6,235087,15523,2635312,41150,1775
"2001","20","KS","Kansas",9.5,0.55,252134,15705,2641329,42081,1437
"2002","20","KS","Kansas",10,0.65,265673,17315,2665684,42104,1694
"2003","20","KS","Kansas",10.4,0.65,278163,17337,2671994,43113,1431
"2004","20","KS","Kansas",11.1,0.85,297733,22624,2684155,41664,1466
"2005","20","KS","Kansas",11.7,0.3,310666,8640,2651105,42861,673
"2006","20","KS","Kansas",12.2,0.3,327103,7997,2679947,45369,488
"2007","20","KS","Kansas",11.2,0.3,301826,8418,2688964,47341,608
"2008","20","KS","Kansas",11.3,0.35,307804,8833,2716645,50174,472
"2009","20","KS","Kansas",13.2,0.35,359692,9859,2732646,47709,635
"2010","20","KS","Kansas",13.5,0.4,374677,10566,2775358,47888,792
"2011","20","KS","Kansas",13.8,0.4,383859,9868,2786839,48844,717
"2012","20","KS","Kansas",14,0.3,392095,8870,2802171,50140,508
"2013","20","KS","Kansas",13.9,0.4,391718,11153,2811674,50892,593
"2014","20","KS","Kansas",13.5,0.3,381506,9700,2821429,52392,680
"2015","20","KS","Kansas",12.9,0.4,366069,10232,2830955,53802,839
"2016","20","KS","Kansas",12.2,0.4,343773,10298,2825887,54828,852
"2017","20","KS","Kansas",11.9,0.4,335371,9951,2827374,56382,682
"2018","20","KS","Kansas",11.9,0.4,336892,10232,2825674,58150,749
"1989","21","KY","Kentucky",17.2,0.6,627037,21337,,23392,1198
"1993","21","KY","Kentucky",19.7,1,748007,37452,,25222,1249
"1995","21","KY","Kentucky",17.9,0.7,689138,28599,,28929,1514
"1996","21","KY","Kentucky",17.5,1,677953,38233,,30630,1946
"1997","21","KY","Kentucky",16,1,624219,39937,,31730,1748
"1998","21","KY","Kentucky",15.3,1,603038,39605,3937364,33955,1925
"1999","21","KY","Kentucky",14.3,1,566549,38802,3953958,33732,1382
"2000","21","KY","Kentucky",13.9,0.75,550332,28238,3972382,35150,1808
"2001","21","KY","Kentucky",14.7,0.65,585302,27473,3992816,35977,1604
"2002","21","KY","Kentucky",14.8,0.7,596255,30010,4029598,35875,1744
"2003","21","KY","Kentucky",15,0.75,606513,29945,4054326,36663,1479
"2004","21","KY","Kentucky",16.3,0.95,668241,39573,4088112,37046,1492
"2005","21","KY","Kentucky",16.9,0.3,684138,12693,4042791,37377,462
"2006","21","KY","Kentucky",17,0.3,694866,13422,4087460,39318,512
"2007","21","KY","Kentucky",17.2,0.35,706947,14225,4120526,40299,504
"2008","21","KY","Kentucky",17.3,0.35,716951,14639,4154953,41489,441
"2009","21","KY","Kentucky",18.4,0.35,771876,15144,4187651,40061,516
"2010","21","KY","Kentucky",18.9,0.3,796208,14212,4215618,40089,484
"2011","21","KY","Kentucky",19.1,0.4,809764,15658,4238365,41141,454
"2012","21","KY","Kentucky",19.3,0.4,821067,15075,4247112,41717,413
"2013","21","KY","Kentucky",18.8,0.3,803044,14543,4266545,43307,631
"2014","21","KY","Kentucky",19,0.4,812803,15591,4275418,42914,671
"2015","21","KY","Kentucky",18.3,0.4,786345,15535,4290011,45178,464
"2016","21","KY","Kentucky",18.2,0.4,782779,16489,4298981,46610,588
"2017","21","KY","Kentucky",17.1,0.4,738563,15185,4317001,48332,616
"2018","21","KY","Kentucky",16.7,0.4,723053,15452,4326301,50189,558
"1989","22","LA","Louisiana",22.4,1,933647,40263,,22857,1193
"1993","22","LA","Louisiana",23.9,1.15,1021373,49755,,25239,1260
"1995","22","LA","Louisiana",21.2,1.05,912513,44407,,27265,1482
"1996","22","LA","Louisiana",20.7,1.05,894633,45990,,28921,1862
"1997","22","LA","Louisiana",18.4,1.1,793472,48395,,30466,1885
"1998","22","LA","Louisiana",18.2,1.05,790323,46267,4331140,30894,1709
"1999","22","LA","Louisiana",18.3,1.15,800648,49146,4366082,31904,1412
"2000","22","LA","Louisiana",17.3,0.85,753254,36377,4343637,32124,1783
"2001","22","LA","Louisiana",18.3,0.85,796870,36840,4343561,32959,1470
"2002","22","LA","Louisiana",18.1,0.85,797255,38521,4394275,33536,1713
"2003","22","LA","Louisiana",18.1,0.9,796574,38302,4405106,33792,1441
"2004","22","LA","Louisiana",19.2,1.15,849180,50901,4417176,35216,1572
"2005","22","LA","Louisiana",20.2,0.4,882641,17157,4372930,36547,550
"2006","22","LA","Louisiana",19.4,0.4,808319,14908,4165322,39122,575
"2007","22","LA","Louisiana",18.8,0.3,783922,13947,4166740,40866,445
"2008","22","LA","Louisiana",17.6,0.4,755150,16231,4290035,43635,617
"2009","22","LA","Louisiana",17.6,0.4,769001,16261,4367639,42460,598
"2010","22","LA","Louisiana",18.8,0.3,831512,15362,4413869,42510,658
"2011","22","LA","Louisiana",20.5,0.4,910266,15744,4445402,41804,514
"2012","22","LA","Louisiana",20.1,0.4,900395,16219,4471146,42998,652
"2013","22","LA","Louisiana",20,0.4,897284,17914,4494987,44234,822
"2014","22","LA","Louisiana",19.9,0.4,898902,16659,4518537,44680,709
"2015","22","LA","Louisiana",19.5,0.4,885846,17383,4541708,45829,655
"2016","22","LA","Louisiana",20.1,0.4,911970,18358,4546072,45374,753
"2017","22","LA","Louisiana",19.6,0.4,893827,18157,4553048,46283,620
"2018","22","LA","Louisiana",18.7,0.4,848005,17869,4529047,48021,720
"1989","23","ME","Maine",10.7,0.65,129011,8014,,26777,1207
"1993","23","ME","Maine",13.7,0.9,169412,11212,,28732,1194
"1995","23","ME","Maine",12.3,0.65,152713,8426,,31189,1630
"1996","23","ME","Maine",12,1,148529,12192,,33002,2052
"1997","23","ME","Maine",10.7,1,132809,12701,,33140,1677
"1998","23","ME","Maine",10.3,0.95,128682,11799,1245624,35560,1701
"1999","23","ME","Maine",10.6,0.9,133122,11377,1259692,36902,1398
"2000","23","ME","Maine",9.9,0.6,124727,7629,1262256,37589,1682
"2001","23","ME","Maine",10.2,0.6,129604,7676,1272819,38036,1415
"2002","23","ME","Maine",11,0.75,140902,9859,1285367,37963,1665
"2003","23","ME","Maine",10.7,0.65,138127,8716,1294057,39212,1480
"2004","23","ME","Maine",11.5,0.85,148802,11342,1298360,41287,1381
"2005","23","ME","Maine",12.3,0.4,157180,5092,1275752,42648,842
"2006","23","ME","Maine",12.7,0.4,163293,5125,1285623,43472,704
"2007","23","ME","Maine",12.2,0.45,155764,5327,1281427,45832,665
"2008","23","ME","Maine",12.6,0.4,161170,5278,1278883,46419,850
"2009","23","ME","Maine",12.6,0.45,161504,5747,1281298,45708,843
"2010","23","ME","Maine",13.1,0.4,169076,5364,1293005,45882,840
"2011","23","ME","Maine",14.2,0.5,183723,5890,1291684,46160,755
"2012","23","ME","Maine",14.4,0.5,186484,6223,1293457,46856,835
"2013","23","ME","Maine",14,0.5,181386,6261,1293815,47095,761
"2014","23","ME","Maine",14,0.5,181737,5837,1293998,49381,1015
"2015","23","ME","Maine",13.2,0.5,171266,6281,1292986,51419,822
"2016","23","ME","Maine",12.3,0.5,159523,6305,1295968,52926,1236
"2017","23","ME","Maine",11.3,0.4,147413,5455,1301241,55980,1084
"2018","23","ME","Maine",11.6,0.4,151458,5519,1301882,55579,1212
"1989","24","MD","Maryland",9.3,0.45,441906,22417,,36415,1306
"1993","24","MD","Maryland",10.2,0.95,507252,45734,,39680,1405
"1995","24","MD","Maryland",9.2,0.55,463848,27934,,42132,1785
"1996","24","MD","Maryland",9.7,0.9,492425,45440,,44196,2255
"1997","24","MD","Maryland",9.5,1,484987,50646,,45289,2003
"1998","24","MD","Maryland",8.8,0.95,454060,50385,5134465,47492,2155
"1999","24","MD","Maryland",8,0.9,417207,47534,5210551,49781,1677
"2000","24","MD","Maryland",7.9,0.6,416005,33422,5262675,52740,2121
"2001","24","MD","Maryland",7.7,0.65,408668,32560,5338331,53090,1675
"2002","24","MD","Maryland",8.3,0.7,445430,37407,5385241,53866,2086
"2003","24","MD","Maryland",8.8,0.65,480998,36091,5444978,54302,1704
"2004","24","MD","Maryland",9.2,0.8,506265,45174,5500728,57019,1800
"2005","24","MD","Maryland",8.3,0.25,453850,16016,5438714,61546,565
"2006","24","MD","Maryland",8,0.2,436978,12395,5475880,65041,620
"2007","24","MD","Maryland",8.3,0.25,455601,13991,5477833,67989,696
"2008","24","MD","Maryland",8.2,0.25,448788,12376,5496122,70482,609
"2009","24","MD","Maryland",9.2,0.25,509141,13571,5559315,69193,660
"2010","24","MD","Maryland",9.9,0.3,559937,14695,5643816,68933,833
"2011","24","MD","Maryland",10.2,0.3,581244,14905,5685396,70075,760
"2012","24","MD","Maryland",10.4,0.3,597705,15309,5744439,71169,563
"2013","24","MD","Maryland",10.2,0.3,591457,14795,5788168,72482,693
"2014","24","MD","Maryland",10.4,0.3,604762,15960,5835382,73851,824
"2015","24","MD","Maryland",9.9,0.3,583369,15033,5863287,75784,581
"2016","24","MD","Maryland",9.7,0.2,572786,13250,5874987,78787,717
"2017","24","MD","Maryland",9.4,0.3,556549,15422,5915309,80711,688
"2018","24","MD","Maryland",9.1,0.3,538824,15483,5899814,83076,973
"1989","25","MA","Massachusetts",8.4,0.65,498524,40547,,35478,1188
"1993","25","MA","Massachusetts",11.1,0.8,667041,49511,,37431,1193
"1995","25","MA","Massachusetts",9.7,0.75,589558,45961,,39025,1525
"1996","25","MA","Massachusetts",9.8,0.75,598146,48509,,40686,1824
"1997","25","MA","Massachusetts",10.7,0.85,649293,53667,,43015,1670
"1998","25","MA","Massachusetts",9,0.8,551825,50762,6126598,44934,1922
"1999","25","MA","Massachusetts",9.7,0.9,605892,56758,6222911,47604,1608
"2000","25","MA","Massachusetts",8.4,0.65,529417,41870,6274430,49266,2008
"2001","25","MA","Massachusetts",8.2,0.65,517899,39361,6284866,52092,1636
"2002","25","MA","Massachusetts",9,0.7,568962,44921,6338672,51085,1883
"2003","25","MA","Massachusetts",9.5,0.7,599960,44258,6306755,52713,1647
"2004","25","MA","Massachusetts",9.9,0.9,622581,53899,6290387,53657,1675
"2005","25","MA","Massachusetts",10.3,0.25,632745,15004,6165256,57176,645
"2006","25","MA","Massachusetts",10,0.2,623775,14053,6235547,59930,587
"2007","25","MA","Massachusetts",10,0.25,621561,15115,6244786,62383,493
"2008","25","MA","Massachusetts",10.1,0.25,632158,16363,6271571,65304,585
"2009","25","MA","Massachusetts",10.3,0.25,658497,16202,6365445,64057,645
"2010","25","MA","Massachusetts",11.4,0.3,724845,16002,6333606,62133,399
"2011","25","MA","Massachusetts",11.6,0.3,740512,16271,6367148,63126,841
"2012","25","MA","Massachusetts",11.9,0.2,762971,15075,6414760,65378,621
"2013","25","MA","Massachusetts",11.9,0.3,770922,17270,6456504,66794,689
"2014","25","MA","Massachusetts",11.7,0.3,760211,16368,6509684,69200,897
"2015","25","MA","Massachusetts",11.5,0.3,752453,17130,6558724,70659,608
"2016","25","MA","Massachusetts",10.5,0.2,688366,15483,6574253,75207,746
"2017","25","MA","Massachusetts",10.5,0.3,692943,17867,6622457,77385,866
"2018","25","MA","Massachusetts",10,0.2,668402,15709,6665106,79817,926
"1989","26","MI","Michigan",12.1,0.6,1118333,58030,,31067,1023
"1993","26","MI","Michigan",15,0.85,1423194,80587,,32533,1053
"1995","26","MI","Michigan",12.6,0.5,1225586,47657,,35940,1328
"1996","26","MI","Michigan",12.2,0.85,1192140,82174,,38266,1631
"1997","26","MI","Michigan",11.5,0.8,1127886,80881,,38883,1414
"1998","26","MI","Michigan",11.4,0.8,1118213,79941,9827389,41963,1568
"1999","26","MI","Michigan",9.9,0.7,971254,70358,9785143,44221,1449
"2000","26","MI","Michigan",9.7,0.5,951435,52736,9807443,45202,1660
"2001","26","MI","Michigan",9.8,0.55,963737,53458,9850895,45688,1361
"2002","26","MI","Michigan",10.9,0.6,1080996,61121,9922733,44315,1622
"2003","26","MI","Michigan",11,0.65,1088703,62370,9929027,46291,1386
"2004","26","MI","Michigan",12.5,0.8,1241783,76471,9943531,44409,1515
"2005","26","MI","Michigan",13.1,0.25,1292315,20601,9830887,46072,433
"2006","26","MI","Michigan",13.5,0.2,1328888,19978,9852503,47187,313
"2007","26","MI","Michigan",13.9,0.2,1370287,20462,9832583,47931,379
"2008","26","MI","Michigan",14.4,0.2,1402736,19916,9769587,48606,416
"2009","26","MI","Michigan",16.1,0.25,1565559,24198,9735738,45254,351
"2010","26","MI","Michigan",16.7,0.2,1614110,22466,9656430,45354,302
"2011","26","MI","Michigan",17.5,0.2,1687624,20462,9656227,45931,328
"2012","26","MI","Michigan",17.4,0.2,1677776,22030,9663758,46793,328
"2013","26","MI","Michigan",17,0.2,1646038,20353,9669494,48200,375
"2014","26","MI","Michigan",16.2,0.2,1567465,22587,9686780,49755,382
"2015","26","MI","Michigan",15.7,0.2,1524330,21765,9698423,51063,243
"2016","26","MI","Michigan",14.9,0.2,1449683,19640,9702326,52436,398
"2017","26","MI","Michigan",14.1,0.2,1373358,21740,9730194,54840,435
"2018","26","MI","Michigan",14,0.2,1369235,19944,9774136,56640,403
"1989","27","MN","Minnesota",9.6,0.45,414214,20070,,30536,1181
"1993","27","MN","Minnesota",10.8,0.9,491839,40752,,33239,1260
"1995","27","MN","Minnesota",8.7,0.6,403056,29187,,37483,1658
"1996","27","MN","Minnesota",8.8,0.85,411866,40206,,39791,2126
"1997","27","MN","Minnesota",8.9,0.9,417797,42559,,41591,1898
"1998","27","MN","Minnesota",8.9,0.95,423735,44498,4748732,45311,2093
"1999","27","MN","Minnesota",7.5,0.9,364104,41884,4845855,46153,1559
"2000","27","MN","Minnesota",6.9,0.6,336594,30147,4892721,49170,2334
"2001","27","MN","Minnesota",7.2,0.6,354583,28452,4923872,49619,1720
"2002","27","MN","Minnesota",7.5,0.65,371109,33287,4977976,50157,2209
"2003","27","MN","Minnesota",8,0.65,400062,32307,5014678,50750,1661
"2004","27","MN","Minnesota",8.1,0.8,408794,41945,5047848,51202,1932
"2005","27","MN","Minnesota",9.2,0.25,455660,11926,4971682,52048,358
"2006","27","MN","Minnesota",9.7,0.2,487044,10202,5036852,54022,432
"2007","27","MN","Minnesota",9.5,0.2,481330,10897,5066728,55664,580
"2008","27","MN","Minnesota",9.6,0.25,489714,11724,5090417,57318,511
"2009","27","MN","Minnesota",10.9,0.25,558118,13579,5133012,55621,527
"2010","27","MN","Minnesota",11.5,0.2,595485,12255,5189212,55422,444
"2011","27","MN","Minnesota",11.8,0.3,617185,13443,5222572,56944,477
"2012","27","MN","Minnesota",11.4,0.2,597515,12567,5257461,58828,642
"2013","27","MN","Minnesota",11.2,0.2,592526,12401,5292405,60664,427
"2014","27","MN","Minnesota",11.4,0.3,607870,13367,5332572,61473,463
"2015","27","MN","Minnesota",10.2,0.2,546499,11740,5366578,63459,654
"2016","27","MN","Minnesota",9.9,0.2,531789,12375,5396370,65583,594
"2017","27","MN","Minnesota",9.5,0.2,517348,11542,5450571,68364,642
"2018","27","MN","Minnesota",9.6,0.2,527445,12456,5488353,70295,531
"1989","28","MS","Mississippi",24.6,1.2,626022,29772,,19874,1143
"1993","28","MS","Mississippi",24.6,1.4,654570,36646,,22957,1216
"1995","28","MS","Mississippi",21.4,1.25,576301,32846,,26501,1485
"1996","28","MS","Mississippi",20.8,1.25,567049,33469,,26901,1706
"1997","28","MS","Mississippi",18.1,1.2,494044,33128,,28527,1600
"1998","28","MS","Mississippi",17.6,1.15,483335,31654,2751183,28925,1673
"1999","28","MS","Mississippi",18.2,1.2,505676,32590,2780646,30739,1515
"2000","28","MS","Mississippi",17.6,0.85,489775,23761,2781605,32542,1976
"2001","28","MS","Mississippi",19,0.85,530254,23388,2789055,30877,1515
"2002","28","MS","Mississippi",18.9,0.85,531561,24818,2817220,31434,1729
"2003","28","MS","Mississippi",18.3,0.9,518238,24900,2830299,32397,1536
"2004","28","MS","Mississippi",19.3,1.1,549224,31666,2847984,34278,1618
"2005","28","MS","Mississippi",21,0.4,591549,10959,2812799,33090,583
"2006","28","MS","Mississippi",20.9,0.4,588288,11803,2815411,34615,582
"2007","28","MS","Mississippi",20.7,0.4,583360,11532,2821607,36424,649
"2008","28","MS","Mississippi",20.8,0.5,590480,14585,2838789,37818,659
"2009","28","MS","Mississippi",21.8,0.4,620446,12054,2848331,36764,659
"2010","28","MS","Mississippi",22.4,0.5,644156,14413,2875607,36992,602
"2011","28","MS","Mississippi",22.8,0.5,658232,13463,2884231,36963,564
"2012","28","MS","Mississippi",23.8,0.5,689116,13629,2890915,37179,567
"2013","28","MS","Mississippi",23.9,0.5,692058,14719,2893762,38191,962
"2014","28","MS","Mississippi",21.9,0.5,634960,13084,2895486,39738,740
"2015","28","MS","Mississippi",22.1,0.5,638919,13948,2896612,40630,535
"2016","28","MS","Mississippi",21,0.5,606873,14346,2892926,41793,546
"2017","28","MS","Mississippi",19.9,0.4,573717,11968,2889837,43595,822
"2018","28","MS","Mississippi",19.8,0.5,571402,13691,2886375,44740,768
"1989","29","MO","Missouri",13,0.45,659229,20936,,26333,1170
"1993","29","MO","Missouri",15.1,0.85,791796,44287,,28542,1226
"1995","29","MO","Missouri",13.4,0.45,714976,25366,,31701,1554
"1996","29","MO","Missouri",12.6,0.95,673280,50451,,32947,1925
"1997","29","MO","Missouri",12.2,0.9,658159,49388,,34502,1773
"1998","29","MO","Missouri",11.7,0.95,633505,51069,5432071,37186,2001
"1999","29","MO","Missouri",11.4,0.85,627643,48451,5484837,37885,1515
"2000","29","MO","Missouri",10.6,0.65,581207,33661,5505391,40411,2240
"2001","29","MO","Missouri",11,0.65,605823,33924,5525935,39652,1484
"2002","29","MO","Missouri",11.3,0.7,630617,39536,5588748,40309,1871
"2003","29","MO","Missouri",11.6,0.7,653484,37542,5625808,40870,1577
"2004","29","MO","Missouri",13,0.95,735642,52787,5673220,40885,1462
"2005","29","MO","Missouri",13.6,0.3,760759,16125,5607956,41946,351
"2006","29","MO","Missouri",13.8,0.3,783101,15751,5674560,42838,434
"2007","29","MO","Missouri",13.3,0.3,758844,15234,5708814,45012,476
"2008","29","MO","Missouri",13.5,0.3,774937,14687,5738716,46847,370
"2009","29","MO","Missouri",14.6,0.3,850316,16909,5818531,45149,501
"2010","29","MO","Missouri",15.3,0.3,888471,16159,5817777,44306,487
"2011","29","MO","Missouri",15.8,0.3,922103,15614,5831548,45231,513
"2012","29","MO","Missouri",16.2,0.3,945435,16460,5838007,45320,411
"2013","29","MO","Missouri",15.8,0.3,928778,17854,5861018,46905,422
"2014","29","MO","Missouri",15.5,0.3,908394,17465,5878633,48288,554
"2015","29","MO","Missouri",14.8,0.3,875704,15825,5901975,50200,411
"2016","29","MO","Missouri",14,0.3,826358,16435,5911099,51713,370
"2017","29","MO","Missouri",13.4,0.3,793001,16280,5928578,53506,616
"2018","29","MO","Missouri",13.2,0.3,785343,15465,5943697,54412,729
"1989","30","MT","Montana",15,0.6,118434,4707,,23242,1105
"1993","30","MT","Montana",15.2,0.95,129656,8329,,26386,1186
"1995","30","MT","Montana",15.8,0.9,137922,7974,,27889,1433
"1996","30","MT","Montana",15.1,1.05,132015,9169,,28714,1701
"1997","30","MT","Montana",15.5,1.1,135691,9273,,29672,1534
"1998","30","MT","Montana",15.7,1.05,138272,9087,879709,31271,1637
"1999","30","MT","Montana",14.3,1,126835,8906,886008,32098,1321
"2000","30","MT","Montana",13.3,0.8,117677,6810,884426,33281,1764
"2001","30","MT","Montana",14,0.8,124776,6892,892255,33151,1459
"2002","30","MT","Montana",14,0.85,126154,7434,899218,34105,1760
"2003","30","MT","Montana",14.2,0.8,129109,7532,908305,34449,1453
"2004","30","MT","Montana",13.6,1.05,125081,9545,918297,35574,1508
"2005","30","MT","Montana",14.6,0.5,132226,4439,907721,38503,881
"2006","30","MT","Montana",14.4,0.45,132537,4196,921455,40299,662
"2007","30","MT","Montana",14.1,0.5,131433,4528,933276,43000,922
"2008","30","MT","Montana",14.1,0.5,132971,4972,942904,43948,1152
"2009","30","MT","Montana",15,0.55,142257,5488,946384,42222,940
"2010","30","MT","Montana",15.2,0.6,146257,5629,964505,42303,962
"2011","30","MT","Montana",15.2,0.5,148183,5318,974049,44011,970
"2012","30","MT","Montana",15.6,0.5,153105,4964,980556,45030,982
"2013","30","MT","Montana",16.1,0.6,159248,5643,990608,46893,1040
"2014","30","MT","Montana",15.2,0.5,151915,5464,997959,46608,1096
"2015","30","MT","Montana",14.4,0.5,144634,5134,1007722,49650,1280
"2016","30","MT","Montana",13.4,0.5,136439,5460,1018115,50265,1022
"2017","30","MT","Montana",12.7,0.5,130616,5592,1024535,53262,1275
"2018","30","MT","Montana",12.9,0.5,134185,5453,1037468,55248,1092
"1989","31","NE","Nebraska",11.1,0.5,173034,8250,,25258,1140
"1993","31","NE","Nebraska",10.7,0.9,172767,14900,,29038,1202
"1995","31","NE","Nebraska",9.8,0.75,159645,11634,,32176,1521
"1996","31","NE","Nebraska",9.4,0.85,153630,14567,,33562,1868
"1997","31","NE","Nebraska",9.6,0.95,158962,15160,,35337,1676
"1998","31","NE","Nebraska",10.3,1,169986,16415,1654294,37233,1736
"1999","31","NE","Nebraska",9.7,0.9,162806,15164,1679366,38668,1361
"2000","31","NE","Nebraska",8.9,0.6,148821,10157,1677358,40429,1830
"2001","31","NE","Nebraska",9.3,0.6,156604,10231,1688718,41091,1546
"2002","31","NE","Nebraska",10,0.65,169922,11657,1706058,41130,1787
"2003","31","NE","Nebraska",9.9,0.65,170042,11530,1711701,41984,1526
"2004","31","NE","Nebraska",10,0.85,172162,14715,1723814,42166,1540
"2005","31","NE","Nebraska",11,0.35,186436,5812,1702183,43675,698
"2006","31","NE","Nebraska",11.3,0.35,194595,6034,1715416,45369,550
"2007","31","NE","Nebraska",11.1,0.35,190463,5918,1719426,47072,648
"2008","31","NE","Nebraska",10.8,0.4,186480,6667,1727266,49731,778
"2009","31","NE","Nebraska",12.2,0.4,212312,7505,1739226,47470,744
"2010","31","NE","Nebraska",12.6,0.4,224530,7549,1776188,48415,807
"2011","31","NE","Nebraska",12.9,0.4,230003,6974,1789287,50281,655
"2012","31","NE","Nebraska",12.8,0.4,230375,7288,1800892,50766,559
"2013","31","NE","Nebraska",12.9,0.4,234742,7416,1815562,51502,485
"2014","31","NE","Nebraska",12.3,0.4,225054,6545,1828140,52803,664
"2015","31","NE","Nebraska",12.2,0.4,224696,7392,1842687,55073,802
"2016","31","NE","Nebraska",11.3,0.4,208864,7159,1851082,56979,739
"2017","31","NE","Nebraska",10.7,0.4,198984,7545,1865022,59913,954
"2018","31","NE","Nebraska",11,0.4,205393,6627,1875315,59724,1011
"1989","32","NV","Nevada",10,0.5,119456,6243,,31797,1183
"1993","32","NV","Nevada",11.5,0.9,167793,13326,,33024,1232
"1995","32","NV","Nevada",10.5,0.55,167315,8678,,36300,1606
"1996","32","NV","Nevada",9.6,0.95,161737,15442,,38213,2028
"1997","32","NV","Nevada",10.7,0.95,186345,16305,,39280,1722
"1998","32","NV","Nevada",10.5,0.9,188979,16140,1797602,39867,1786
"1999","32","NV","Nevada",10.2,0.9,200594,17455,1963763,41939,1378
"2000","32","NV","Nevada",9.4,0.65,194787,13650,2061825,44698,1871
"2001","32","NV","Nevada",9.3,0.7,197386,15313,2126572,44325,1508
"2002","32","NV","Nevada",10.1,0.75,223839,16474,2206561,44560,1721
"2003","32","NV","Nevada",11,0.65,251744,15785,2296726,45249,1424
"2004","32","NV","Nevada",11.1,0.9,264673,20715,2380853,47231,1495
"2005","32","NV","Nevada",11.1,0.4,263522,9448,2364153,49288,790
"2006","32","NV","Nevada",10.5,0.3,257828,8056,2460756,52800,899
"2007","32","NV","Nevada",10.6,0.4,267829,9776,2528671,54996,842
"2008","32","NV","Nevada",11.2,0.35,288334,9806,2566465,56432,763
"2009","32","NV","Nevada",12.4,0.4,323738,10838,2606531,53310,877
"2010","32","NV","Nevada",14.8,0.5,393605,12852,2666664,50987,725
"2011","32","NV","Nevada",15.8,0.5,423195,13019,2684533,49099,928
"2012","32","NV","Nevada",16.2,0.4,441373,11967,2718582,49909,778
"2013","32","NV","Nevada",15.8,0.4,433267,12025,2750482,51250,574
"2014","32","NV","Nevada",15.4,0.4,430447,12196,2800763,51487,659
"2015","32","NV","Nevada",14.9,0.4,424824,12007,2850466,52544,932
"2016","32","NV","Nevada",14.1,0.4,407308,12856,2896890,55201,859
"2017","32","NV","Nevada",13.3,0.4,392857,13065,2954259,57932,900
"2018","32","NV","Nevada",13.1,0.4,391347,10479,2991991,58740,1062
"1989","33","NH","New Hampshire",6.7,0.65,72812,7562,,32972,1263
"1993","33","NH","New Hampshire",8.6,0.95,97373,10716,,36443,1332
"1995","33","NH","New Hampshire",6.9,0.75,80363,8248,,38017,1750
"1996","33","NH","New Hampshire",6.3,0.9,73675,10548,,40153,2159
"1997","33","NH","New Hampshire",7.5,1,87975,11797,,42023,1864
"1998","33","NH","New Hampshire",7.5,1,89256,12007,1189783,45401,1956
"1999","33","NH","New Hampshire",6.8,0.95,82082,11234,1213425,47284,1518
"2000","33","NH","New Hampshire",5.6,0.65,69857,7903,1237370,49830,1990
"2001","33","NH","New Hampshire",6,0.6,74929,7756,1250507,50898,1618
"2002","33","NH","New Hampshire",6.3,0.65,79467,8588,1270389,51550,2121
"2003","33","NH","New Hampshire",6.4,0.7,81779,8515,1279391,52409,1712
"2004","33","NH","New Hampshire",6.6,0.9,85093,11383,1290348,53377,1758
"2005","33","NH","New Hampshire",7.6,0.4,96389,4849,1267775,56557,868
"2006","33","NH","New Hampshire",8,0.35,101872,4603,1276751,59265,1017
"2007","33","NH","New Hampshire",7.3,0.4,93005,4800,1274807,62048,992
"2008","33","NH","New Hampshire",7.8,0.4,99939,5419,1277395,63235,1422
"2009","33","NH","New Hampshire",8.6,0.4,110769,5484,1284592,60734,1137
"2010","33","NH","New Hampshire",8.6,0.4,110096,5548,1276605,60917,971
"2011","33","NH","New Hampshire",9,0.4,114906,5567,1279113,62436,1198
"2012","33","NH","New Hampshire",9.7,0.5,123773,6279,1280031,63157,1276
"2013","33","NH","New Hampshire",9,0.5,115146,6207,1281175,64064,1195
"2014","33","NH","New Hampshire",9.2,0.4,117822,5212,1287504,66469,1153
"2015","33","NH","New Hampshire",8.4,0.5,108293,6293,1288048,70003,1166
"2016","33","NH","New Hampshire",7.6,0.4,97753,5746,1292241,70986,1271
"2017","33","NH","New Hampshire",7.7,0.4,100550,5275,1298883,73638,1465
"2018","33","NH","New Hampshire",7.6,0.3,100076,4499,1312009,75322,1390
"1989","34","NJ","New Jersey",8,0.65,615386,50159,,38123,1189
"1993","34","NJ","New Jersey",10,0.8,790745,61301,,41089,1281
"1995","34","NJ","New Jersey",8.7,0.55,699733,46000,,44345,1634
"1996","34","NJ","New Jersey",9,0.7,726513,59298,,46872,1932
"1997","34","NJ","New Jersey",9.3,0.75,749198,62378,,47903,1779
"1998","34","NJ","New Jersey",8.8,0.8,717408,63066,8148286,49615,1870
"1999","34","NJ","New Jersey",8.1,0.7,672744,60151,8309078,51426,1584
"2000","34","NJ","New Jersey",7.8,0.55,647694,45951,8348253,52990,2034
"2001","34","NJ","New Jersey",7.8,0.55,658754,45544,8404647,54506,1737
"2002","34","NJ","New Jersey",8.3,0.6,707808,51203,8493934,54932,1873
"2003","34","NJ","New Jersey",8.9,0.6,758459,51038,8547233,56356,1677
"2004","34","NJ","New Jersey",8.4,0.75,717238,63516,8567558,57338,1781
"2005","34","NJ","New Jersey",8.7,0.25,738104,20326,8500248,61694,504
"2006","34","NJ","New Jersey",8.7,0.2,740721,16851,8540398,64549,619
"2007","34","NJ","New Jersey",8.5,0.2,725723,16750,8505938,67142,553
"2008","34","NJ","New Jersey",8.7,0.2,740069,17638,8504301,70347,509
"2009","34","NJ","New Jersey",9.4,0.25,798258,19420,8531186,68444,628
"2010","34","NJ","New Jersey",10.2,0.2,883643,18603,8626505,67719,708
"2011","34","NJ","New Jersey",10.4,0.2,897916,18157,8646604,67574,689
"2012","34","NJ","New Jersey",10.7,0.2,934277,16087,8691686,69705,685
"2013","34","NJ","New Jersey",11.4,0.2,995390,19811,8720993,70224,535
"2014","34","NJ","New Jersey",11.1,0.2,972441,18189,8762155,71968,432
"2015","34","NJ","New Jersey",10.8,0.2,945989,19568,8781579,72337,601
"2016","34","NJ","New Jersey",10.4,0.2,915390,20284,8769466,76212,682
"2017","34","NJ","New Jersey",10,0.2,882132,19724,8831188,80106,655
"2018","34","NJ","New Jersey",9.5,0.2,831386,19269,8739317,81777,672
"1989","35","NM","New Mexico",19,0.8,286150,11897,,23570,1074
"1993","35","NM","New Mexico",21.6,1.1,359490,17975,,26802,1194
"1995","35","NM","New Mexico",20.2,1.05,346994,18594,,27929,1322
"1996","35","NM","New Mexico",20.6,1.2,355969,21120,,27014,1688
"1997","35","NM","New Mexico",19.3,1.15,333913,19902,,30836,1493
"1998","35","NM","New Mexico",19,1.2,330325,20548,1736437,31445,1619
"1999","35","NM","New Mexico",18.2,1.1,326223,20106,1793162,32671,1355
"2000","35","NM","New Mexico",17.3,0.85,309103,15567,1791548,34487,1854
"2001","35","NM","New Mexico",18,0.8,326653,14781,1812669,33733,1435
"2002","35","NM","New Mexico",17.7,0.85,327444,15730,1847779,34827,1722
"2003","35","NM","New Mexico",17.7,0.85,330759,15985,1871181,35091,1451
"2004","35","NM","New Mexico",16.7,1.05,316088,19188,1897265,37838,1601
"2005","35","NM","New Mexico",18.4,0.45,345231,8116,1878470,37603,688
"2006","35","NM","New Mexico",18.3,0.4,350120,8054,1912304,40610,661
"2007","35","NM","New Mexico",17.9,0.45,344060,8977,1925456,41509,640
"2008","35","NM","New Mexico",17,0.4,329857,8339,1941423,43719,871
"2009","35","NM","New Mexico",18.2,0.55,359030,10968,1968129,42830,920
"2010","35","NM","New Mexico",19.8,0.6,400779,11403,2024711,42186,681
"2011","35","NM","New Mexico",20.9,0.5,427340,10459,2042517,42097,757
"2012","35","NM","New Mexico",20.6,0.5,421123,9294,2044796,42828,843
"2013","35","NM","New Mexico",21.4,0.5,437923,10196,2045405,44026,892
"2014","35","NM","New Mexico",20.6,0.5,420388,10617,2045506,44905,805
"2015","35","NM","New Mexico",19.8,0.5,405364,10470,2044455,45524,839
"2016","35","NM","New Mexico",19.1,0.5,390461,10384,2039432,46844,794
"2017","35","NM","New Mexico",19,0.5,388790,10758,2044204,47086,1112
"2018","35","NM","New Mexico",18.8,0.5,386739,10818,2051723,47405,868
"1989","36","NY","New York",12.3,0.7,2181807,127417,,31229,885
"1993","36","NY","New York",16.3,0.85,2960110,149340,,32654,938
"1995","36","NY","New York",15.8,0.85,2846213,151152,,33805,1023
"1996","36","NY","New York",16.3,0.75,2945668,134349,,35696,1170
"1997","36","NY","New York",15.6,0.8,2814460,137671,,36369,1170
"1998","36","NY","New York",15.4,0.8,2794560,141913,18111072,38290,1306
"1999","36","NY","New York",13.7,0.65,2566936,127271,18679270,41047,1139
"2000","36","NY","New York",13.2,0.6,2466704,106008,18687015,41763,1394
"2001","36","NY","New York",13.7,0.55,2563440,102451,18725476,43149,1219
"2002","36","NY","New York",13.9,0.55,2611154,106322,18836410,42765,1318
"2003","36","NY","New York",14.3,0.6,2700431,108472,18852353,44139,1297
"2004","36","NY","New York",14.5,0.7,2741524,131645,18906581,45343,1211
"2005","36","NY","New York",13.9,0.2,2584485,35004,18589160,49365,412
"2006","36","NY","New York",14.2,0.15,2670773,28483,18770144,51340,253
"2007","36","NY","New York",13.8,0.15,2584756,30664,18775321,53448,345
"2008","36","NY","New York",13.7,0.2,2595816,30979,18964468,55980,377
"2009","36","NY","New York",14.2,0.15,2708119,33616,19014189,54554,391
"2010","36","NY","New York",15,0.2,2840564,34555,18879724,54047,370
"2011","36","NY","New York",16.1,0.2,3043461,32092,18953964,55147,393
"2012","36","NY","New York",15.9,0.2,3040207,30899,19064060,56357,368
"2013","36","NY","New York",16,0.2,3068230,33843,19133973,57255,427
"2014","36","NY","New York",16,0.2,3082613,36246,19228484,58771,390
"2015","36","NY","New York",15.5,0.2,2985604,34185,19283863,60805,305
"2016","36","NY","New York",14.8,0.2,2843954,31733,19230203,62700,619
"2017","36","NY","New York",14.1,0.2,2735578,35560,19337642,64783,500
"2018","36","NY","New York",13.7,0.2,2603303,34151,19037616,67648,627
"1989","37","NC","North Carolina",12.9,0.6,836793,38830,,26247,895
"1993","37","NC","North Carolina",14.1,0.8,987481,58388,,28792,987
"1995","37","NC","North Carolina",13.1,0.45,945803,31717,,31987,1334
"1996","37","NC","North Carolina",12.8,0.8,940388,59307,,34487,1655
"1997","37","NC","North Carolina",12.6,0.9,940547,64755,,35320,1463
"1998","37","NC","North Carolina",13,0.85,978106,66678,7552005,35982,1478
"1999","37","NC","North Carolina",12.3,0.85,967370,67295,7884491,37563,1182
"2000","37","NC","North Carolina",11.7,0.6,934374,48037,8007626,38889,1603
"2001","37","NC","North Carolina",11.9,0.6,964661,48519,8100875,39072,1326
"2002","37","NC","North Carolina",12.9,0.75,1058423,60118,8230139,38194,1628
"2003","37","NC","North Carolina",13.4,0.75,1118214,62722,8337231,39438,1464
"2004","37","NC","North Carolina",13.8,0.85,1173969,69964,8482242,40863,1338
"2005","37","NC","North Carolina",14.9,0.25,1247292,20314,8381053,40781,315
"2006","37","NC","North Carolina",14.6,0.25,1256624,19693,8591270,42721,427
"2007","37","NC","North Carolina",14.3,0.2,1256867,20484,8793210,44772,423
"2008","37","NC","North Carolina",14.6,0.25,1301882,22831,8947509,46574,418
"2009","37","NC","North Carolina",16.2,0.25,1475063,21900,9095863,43754,370
"2010","37","NC","North Carolina",17.4,0.2,1618597,22337,9304575,43417,364
"2011","37","NC","North Carolina",17.8,0.3,1673627,24716,9406123,44028,506
"2012","37","NC","North Carolina",18,0.3,1706255,25047,9498969,45195,386
"2013","37","NC","North Carolina",17.8,0.2,1711331,23648,9588243,45946,419
"2014","37","NC","North Carolina",17.2,0.2,1663954,23389,9691813,46596,377
"2015","37","NC","North Carolina",16.4,0.2,1607249,22787,9790028,47884,514
"2016","37","NC","North Carolina",15.4,0.2,1523034,24213,9885985,50595,290
"2017","37","NC","North Carolina",14.7,0.3,1468032,25159,10009026,52797,502
"2018","37","NC","North Carolina",14.1,0.3,1422154,25520,10100381,53922,564
"1989","38","ND","North Dakota",12.6,0.5,78654,3041,,23910,1138
"1993","38","ND","North Dakota",12.5,1,79170,6182,,27329,1232
"1995","38","ND","North Dakota",11.9,1,75379,6518,,29321,1488
"1996","38","ND","North Dakota",11.5,1,72664,6447,,30798,1834
"1997","38","ND","North Dakota",12.5,1.1,78461,6819,,31764,1619
"1998","38","ND","North Dakota",12.9,1.05,80381,6714,624343,32430,1801
"1999","38","ND","North Dakota",11.6,0.95,73107,6033,628000,34206,1393
"2000","38","ND","North Dakota",10.4,0.7,64809,4429,621472,35636,1746
"2001","38","ND","North Dakota",11.4,0.8,70488,4749,618676,36177,1440
"2002","38","ND","North Dakota",11.1,0.75,68625,4871,620704,36223,1689
"2003","38","ND","North Dakota",10.5,0.8,65063,5093,620602,38223,1601
"2004","38","ND","North Dakota",10.8,0.95,67625,6042,623501,39233,1466
"2005","38","ND","North Dakota",11.6,0.45,70588,2829,607255,40818,655
"2006","38","ND","North Dakota",11.7,0.45,71059,2801,605871,41852,865
"2007","38","ND","North Dakota",11.8,0.5,72242,3084,612570,43936,1022
"2008","38","ND","North Dakota",11.5,0.5,70654,3202,615392,45996,925
"2009","38","ND","North Dakota",11.7,0.55,72911,3401,620797,47898,887
"2010","38","ND","North Dakota",12.5,0.5,81176,3523,651420,48878,1189
"2011","38","ND","North Dakota",12,0.5,79124,3450,660484,52135,1103
"2012","38","ND","North Dakota",11.2,0.5,75251,3195,674845,54579,1306
"2013","38","ND","North Dakota",11.6,0.5,81055,3606,698176,56800,1303
"2014","38","ND","North Dakota",11.1,0.6,79203,4039,712526,60227,1441
"2015","38","ND","North Dakota",10.7,0.5,78613,4003,731319,61674,1506
"2016","38","ND","North Dakota",10.5,0.6,76951,4373,731713,61898,1400
"2017","38","ND","North Dakota",10.2,0.5,74057,3808,729303,62400,1008
"2018","38","ND","North Dakota",10.6,0.6,77959,4282,736622,65250,1883
"1989","39","OH","Ohio",12.1,0.6,1299615,68054,,28626,926
"1993","39","OH","Ohio",13.7,0.8,1515147,90561,,30896,971
"1995","39","OH","Ohio",11.3,0.55,1259806,61771,,33958,1253
"1996","39","OH","Ohio",11.7,0.7,1307399,80956,,34198,1391
"1997","39","OH","Ohio",11,0.75,1223791,78944,,36029,1298
"1998","39","OH","Ohio",10.7,0.75,1202277,81747,11195534,38726,1402
"1999","39","OH","Ohio",11,0.8,1224362,87678,11152802,39707,1122
"2000","39","OH","Ohio",9.8,0.55,1088381,61826,11144967,42054,1581
"2001","39","OH","Ohio",10.3,0.55,1144638,61892,11167021,41780,1243
"2002","39","OH","Ohio",10.2,0.6,1147950,67728,11219466,42246,1482
"2003","39","OH","Ohio",10.7,0.6,1196943,66732,11231817,43119,1254
"2004","39","OH","Ohio",11.7,0.75,1313682,83790,11249853,43371,1243
"2005","39","OH","Ohio",13,0.2,1442421,23814,11117482,43547,333
"2006","39","OH","Ohio",13.2,0.25,1475788,25271,11156061,44609,346
"2007","39","OH","Ohio",13.1,0.2,1458625,21937,11151371,46645,301
"2008","39","OH","Ohio",13.3,0.2,1489314,22393,11172159,48011,316
"2009","39","OH","Ohio",15.1,0.25,1699288,25372,11225160,45467,346
"2010","39","OH","Ohio",15.8,0.2,1771404,24764,11224913,45151,291
"2011","39","OH","Ohio",16.3,0.2,1836098,24833,11234064,45803,316
"2012","39","OH","Ohio",16.2,0.2,1818886,21530,11227437,46873,291
"2013","39","OH","Ohio",15.9,0.2,1793523,26235,11248737,48138,402
"2014","39","OH","Ohio",15.8,0.2,1778288,22560,11276366,49349,358
"2015","39","OH","Ohio",14.8,0.2,1670487,24032,11295380,51086,233
"2016","39","OH","Ohio",14.5,0.2,1639636,25459,11287358,52357,274
"2017","39","OH","Ohio",13.9,0.2,1575401,24120,11330717,54077,407
"2018","39","OH","Ohio",13.8,0.2,1568586,26277,11362293,56155,420
"1989","40","OK","Oklahoma",16,0.5,495882,15816,,23162,1196
"1993","40","OK","Oklahoma",18.3,0.9,592274,29850,,25791,1253
"1995","40","OK","Oklahoma",18.2,0.7,594263,23488,,26495,1435
"1996","40","OK","Oklahoma",17.1,0.95,561382,31672,,27648,1635
"1997","40","OK","Oklahoma",16.3,1.05,536804,34154,,30002,1680
"1998","40","OK","Oklahoma",16.1,1,533108,33228,3321130,32373,1765
"1999","40","OK","Oklahoma",13.9,0.95,469218,32558,3367317,33005,1301
"2000","40","OK","Oklahoma",13.8,0.65,467081,23279,3372484,33417,1694
"2001","40","OK","Oklahoma",14.4,0.7,487631,22686,3387529,34912,1448
"2002","40","OK","Oklahoma",14.5,0.75,498685,25779,3428096,35313,1728
"2003","40","OK","Oklahoma",14.7,0.75,503702,27215,3438050,35634,1411
"2004","40","OK","Oklahoma",14,1.05,484620,36716,3456061,37109,1602
"2005","40","OK","Oklahoma",16.4,0.35,562026,11474,3420658,37020,537
"2006","40","OK","Oklahoma",16.7,0.35,576689,11425,3461959,38753,607
"2007","40","OK","Oklahoma",15.8,0.3,552915,10964,3498301,41551,387
"2008","40","OK","Oklahoma",15.7,0.35,554237,12351,3523893,42836,690
"2009","40","OK","Oklahoma",16.1,0.35,575711,12544,3565485,41716,486
"2010","40","OK","Oklahoma",16.8,0.3,613067,11605,3646869,42076,396
"2011","40","OK","Oklahoma",17.3,0.3,636083,12530,3678912,43232,585
"2012","40","OK","Oklahoma",17.2,0.3,636134,10481,3699655,44336,453
"2013","40","OK","Oklahoma",16.7,0.3,624209,11164,3735214,45724,523
"2014","40","OK","Oklahoma",16.6,0.3,623162,11178,3759494,47524,447
"2015","40","OK","Oklahoma",16,0.3,608507,11308,3795734,48595,508
"2016","40","OK","Oklahoma",16.1,0.3,615050,11183,3809426,49204,610
"2017","40","OK","Oklahoma",15.8,0.3,600911,11320,3815034,50051,564
"2018","40","OK","Oklahoma",15.5,0.3,593936,12437,3825031,51914,446
"1989","41","OR","Oregon",12.5,0.45,353222,12427,,27795,1158
"1993","41","OR","Oregon",13.2,0.95,406722,29095,,30608,1240
"1995","41","OR","Oregon",12.5,0.55,399899,17132,,34533,1625
"1996","41","OR","Oregon",12.3,0.95,398220,30542,,35144,1952
"1997","41","OR","Oregon",11.6,1,379506,31360,,37284,1760
"1998","41","OR","Oregon",12.1,1,400952,33190,3314203,38773,1786
"1999","41","OR","Oregon",11.3,0.85,379250,30044,3369775,40033,1356
"2000","41","OR","Oregon",10.6,0.6,361280,21060,3414375,41662,1806
"2001","41","OR","Oregon",11.1,0.6,382706,21584,3449223,41752,1401
"2002","41","OR","Oregon",11.3,0.7,396157,24521,3510161,41796,1690
"2003","41","OR","Oregon",12,0.7,423253,25270,3535766,42593,1401
"2004","41","OR","Oregon",12.9,0.9,462212,33404,3583504,42568,1446
"2005","41","OR","Oregon",14.1,0.35,497318,11998,3538451,43065,551
"2006","41","OR","Oregon",13.4,0.35,487358,11444,3626932,46228,482
"2007","41","OR","Oregon",13,0.35,476647,12403,3670528,48735,640
"2008","41","OR","Oregon",13.5,0.3,501475,12298,3716663,50165,514
"2009","41","OR","Oregon",14.3,0.35,536813,12999,3748545,48325,595
"2010","41","OR","Oregon",15.8,0.3,596649,12488,3765930,46536,518
"2011","41","OR","Oregon",17.3,0.4,655245,14669,3794233,46876,676
"2012","41","OR","Oregon",17,0.4,651302,15503,3826419,49090,758
"2013","41","OR","Oregon",16.5,0.4,637505,15259,3852906,50228,520
"2014","41","OR","Oregon",16.4,0.4,637156,15795,3893489,51088,481
"2015","41","OR","Oregon",15.2,0.4,601626,15078,3952049,54074,874
"2016","41","OR","Oregon",13.4,0.3,538169,13681,4016515,57379,819
"2017","41","OR","Oregon",13.2,0.3,534846,13721,4064453,60123,767
"2018","41","OR","Oregon",12.5,0.3,516014,14067,4113121,63168,999
"1989","42","PA","Pennsylvania",10.4,0.6,1223609,69099,,28825,936
"1993","42","PA","Pennsylvania",12.9,0.8,1546672,95288,,31044,1005
"1995","42","PA","Pennsylvania",11.4,0.5,1360793,60411,,34437,1206
"1996","42","PA","Pennsylvania",11.5,0.7,1371267,85975,,35109,1357
"1997","42","PA","Pennsylvania",10.9,0.75,1297614,88360,,37267,1304
"1998","42","PA","Pennsylvania",10.7,0.75,1277442,87727,11913867,39116,1349
"1999","42","PA","Pennsylvania",10,0.75,1207202,86743,12035937,38918,1213
"2000","42","PA","Pennsylvania",9.5,0.55,1135928,67323,12008589,41419,1542
"2001","42","PA","Pennsylvania",10,0.55,1205942,66393,12036010,42288,1363
"2002","42","PA","Pennsylvania",10,0.6,1210508,73216,12109550,42043,1454
"2003","42","PA","Pennsylvania",10.6,0.55,1279408,69715,12125878,42952,1247
"2004","42","PA","Pennsylvania",11.2,0.7,1361724,83018,12150103,43714,1292
"2005","42","PA","Pennsylvania",11.9,0.2,1416884,22703,11936227,44545,382
"2006","42","PA","Pennsylvania",12,0.2,1442858,20972,12015269,46256,286
"2007","42","PA","Pennsylvania",11.6,0.2,1392872,24047,11998845,48562,294
"2008","42","PA","Pennsylvania",12.1,0.2,1454240,22222,12011910,50702,259
"2009","42","PA","Pennsylvania",12.5,0.2,1517347,22522,12165864,49501,284
"2010","42","PA","Pennsylvania",13.4,0.2,1645097,21759,12298952,49245,421
"2011","42","PA","Pennsylvania",13.7,0.2,1690003,24940,12328587,50221,289
"2012","42","PA","Pennsylvania",13.7,0.2,1688364,22706,12353852,51225,263
"2013","42","PA","Pennsylvania",13.7,0.2,1687854,27322,12353267,52005,254
"2014","42","PA","Pennsylvania",13.6,0.2,1679008,22684,12371337,53224,414
"2015","42","PA","Pennsylvania",13.1,0.2,1624991,24091,12385763,55683,374
"2016","42","PA","Pennsylvania",12.9,0.2,1589584,23718,12368248,56897,357
"2017","42","PA","Pennsylvania",12.5,0.2,1548557,23848,12398116,59165,437
"2018","42","PA","Pennsylvania",12.2,0.2,1517936,23386,12393999,60891,314
"1989","44","RI","Rhode Island",9.5,0.5,93348,5118,,30983,1239
"1993","44","RI","Rhode Island",12.4,0.9,122487,8911,,33201,1242
"1995","44","RI","Rhode Island",11.6,0.6,113471,5548,,34611,1634
"1996","44","RI","Rhode Island",11.8,0.95,114894,9292,,36402,2065
"1997","44","RI","Rhode Island",11.2,0.95,108836,9515,,36699,1799
"1998","44","RI","Rhode Island",10.6,0.95,103831,9099,977299,39907,1911
"1999","44","RI","Rhode Island",10.8,0.95,110366,9554,1025155,40965,1431
"2000","44","RI","Rhode Island",10.2,0.65,106378,6652,1038550,42305,1745
"2001","44","RI","Rhode Island",10.2,0.65,107109,6883,1047773,43884,1507
"2002","44","RI","Rhode Island",11,0.7,116138,7507,1058817,43115,1708
"2003","44","RI","Rhode Island",11.3,0.7,119483,7424,1059434,45006,1467
"2004","44","RI","Rhode Island",11.6,0.85,122520,8914,1055640,47037,1485
"2005","44","RI","Rhode Island",11.9,0.5,122481,4803,1029260,50415,1105
"2006","44","RI","Rhode Island",11.5,0.45,117585,4476,1026112,51324,963
"2007","44","RI","Rhode Island",11.9,0.5,121172,4864,1018742,52755,1123
"2008","44","RI","Rhode Island",12.1,0.55,122173,5207,1012987,54562,1531
"2009","44","RI","Rhode Island",12,0.55,122379,5477,1015672,53243,1215
"2010","44","RI","Rhode Island",14.1,0.6,143132,5657,1012202,52053,1021
"2011","44","RI","Rhode Island",14.7,0.5,148079,5363,1009929,53152,1349
"2012","44","RI","Rhode Island",14.2,0.5,143625,5552,1010452,54002,1404
"2013","44","RI","Rhode Island",14.7,0.6,148275,5955,1010806,55015,1537
"2014","44","RI","Rhode Island",14.8,0.5,149825,5579,1015656,54797,1274
"2015","44","RI","Rhode Island",14.1,0.6,143724,6018,1016344,57265,1904
"2016","44","RI","Rhode Island",13.3,0.6,134683,5790,1015893,60046,1389
"2017","44","RI","Rhode Island",12.3,0.6,125208,6252,1018560,62923,1574
"2018","44","RI","Rhode Island",12.8,0.6,130538,5987,1016444,63787,1700
"1989","45","SC","South Carolina",15.3,0.5,523312,17507,,24814,1147
"1993","45","SC","South Carolina",16.6,1,601427,35154,,27962,1209
"1995","45","SC","South Carolina",15.7,0.6,575268,22346,,30060,1520
"1996","45","SC","South Carolina",15.2,1,570423,36519,,32728,2043
"1997","45","SC","South Carolina",14.9,1.05,569045,38455,,33325,1714
"1998","45","SC","South Carolina",14.3,0.95,550127,37373,3856258,33465,1788
"1999","45","SC","South Carolina",13.2,0.95,518145,36509,3912764,35515,1426
"2000","45","SC","South Carolina",12.8,0.65,504961,25861,3956695,37283,1808
"2001","45","SC","South Carolina",13.8,0.7,550775,26769,3989359,36953,1501
"2002","45","SC","South Carolina",14,0.7,567660,29482,4053339,37442,1737
"2003","45","SC","South Carolina",13.8,0.7,566769,29562,4100512,38003,1477
"2004","45","SC","South Carolina",15,0.95,622083,37980,4158089,39454,1500
"2005","45","SC","South Carolina",15.6,0.3,641485,12516,4101208,39477,580
"2006","45","SC","South Carolina",15.7,0.3,657405,13080,4182861,41204,420
"2007","45","SC","South Carolina",15.1,0.35,646061,13967,4270132,43508,607
"2008","45","SC","South Carolina",15.7,0.35,680134,14995,4339428,44695,618
"2009","45","SC","South Carolina",17.1,0.35,753286,15113,4416869,42580,546
"2010","45","SC","South Carolina",18.1,0.3,813939,15581,4493882,42117,415
"2011","45","SC","South Carolina",18.8,0.4,852999,16218,4538319,42477,544
"2012","45","SC","South Carolina",18.3,0.3,837327,15903,4585462,43290,637
"2013","45","SC","South Carolina",18.5,0.3,858553,16105,4631792,44310,641
"2014","45","SC","South Carolina",17.9,0.3,838065,15442,4691566,45337,498
"2015","45","SC","South Carolina",16.8,0.4,796609,17127,4750107,47308,540
"2016","45","SC","South Carolina",15.3,0.3,739574,16497,4820435,49587,590
"2017","45","SC","South Carolina",15.4,0.3,750359,15003,4882684,50675,524
"2018","45","SC","South Carolina",15.2,0.3,750582,16621,4944734,52449,621
"1989","46","SD","South Dakota",14.8,0.8,100950,5547,,22186,1143
"1993","46","SD","South Dakota",14.3,1,102485,7284,,26819,1235
"1995","46","SD","South Dakota",13.7,1.05,99759,7744,,29426,1501
"1996","46","SD","South Dakota",13,1.05,93834,7718,,29810,1752
"1997","46","SD","South Dakota",14,1.2,100537,8678,,31354,1702
"1998","46","SD","South Dakota",13,1.1,94379,8275,725671,33267,1680
"1999","46","SD","South Dakota",11.7,1.1,86134,8105,736193,35007,1357
"2000","46","SD","South Dakota",11.4,0.7,84282,5304,738424,36146,1700
"2001","46","SD","South Dakota",11.7,0.8,86306,5986,739557,37096,1572
"2002","46","SD","South Dakota",12.4,0.8,92341,5809,746352,36966,1692
"2003","46","SD","South Dakota",12.3,0.8,92587,6090,751187,38008,1489
"2004","46","SD","South Dakota",12.9,0.95,97653,7285,755821,39265,1512
"2005","46","SD","South Dakota",13.6,0.45,100756,3524,742534,40096,791
"2006","46","SD","South Dakota",13.6,0.5,102589,3578,753216,42432,859
"2007","46","SD","South Dakota",13.2,0.4,101420,3425,768497,43507,846
"2008","46","SD","South Dakota",12.7,0.5,98248,4002,774726,46244,1080
"2009","46","SD","South Dakota",14.2,0.6,110863,4606,782694,45048,1030
"2010","46","SD","South Dakota",14.6,0.6,114798,4550,788210,45861,1005
"2011","46","SD","South Dakota",14.1,0.5,112258,4114,794847,48188,1293
"2012","46","SD","South Dakota",13.6,0.5,109661,3952,804310,48439,893
"2013","46","SD","South Dakota",14,0.6,114291,4643,815064,49200,1005
"2014","46","SD","South Dakota",14.1,0.5,115906,4386,824377,51059,948
"2015","46","SD","South Dakota",13.5,0.6,111697,4908,829616,53263,1034
"2016","46","SD","South Dakota",12.9,0.6,107953,4688,837301,54926,1178
"2017","46","SD","South Dakota",12.8,0.5,107522,4288,838947,56871,1197
"2018","46","SD","South Dakota",12.9,0.5,109814,4480,852354,57041,1330
"1989","47","TN","Tennessee",15.6,0.55,750651,25991,,23898,1132
"1993","47","TN","Tennessee",17.8,1.1,917466,55647,,26990,1186
"1995","47","TN","Tennessee",14.7,0.8,773751,41845,,30016,1464
"1996","47","TN","Tennessee",14.8,1,791285,54064,,31097,1773
"1997","47","TN","Tennessee",13.6,1.05,734108,57428,,32047,1631
"1998","47","TN","Tennessee",13.1,1,715433,54030,5462020,34188,1677
"1999","47","TN","Tennessee",12.8,0.9,715198,50167,5595525,35624,1344
"2000","47","TN","Tennessee",12.6,0.65,709555,37192,5618923,35760,1790
"2001","47","TN","Tennessee",13.2,0.65,748650,37666,5662243,36629,1418
"2002","47","TN","Tennessee",13.6,0.75,779650,42677,5728477,37129,1696
"2003","47","TN","Tennessee",13.5,0.75,782883,42434,5782939,37925,1411
"2004","47","TN","Tennessee",15,1,876763,60218,5850424,38945,1408
"2005","47","TN","Tennessee",15.6,0.3,904143,18290,5787430,38947,464
"2006","47","TN","Tennessee",16.1,0.3,947105,17050,5877769,40368,413
"2007","47","TN","Tennessee",15.8,0.3,945263,18669,5996929,42389,340
"2008","47","TN","Tennessee",15.5,0.3,939056,18700,6057641,43610,420
"2009","47","TN","Tennessee",17.2,0.3,1055635,18276,6141371,41715,429
"2010","47","TN","Tennessee",17.8,0.3,1102643,19845,6195138,41461,393
"2011","47","TN","Tennessee",18.4,0.3,1148161,20350,6246368,41691,415
"2012","47","TN","Tennessee",18,0.3,1135205,19183,6295985,42743,561
"2013","47","TN","Tennessee",17.8,0.3,1128618,19462,6335301,44268,492
"2014","47","TN","Tennessee",18.2,0.3,1165245,20009,6386629,44357,547
"2015","47","TN","Tennessee",16.7,0.3,1077866,20200,6440331,47243,483
"2016","47","TN","Tennessee",15.8,0.3,1023825,18195,6489044,48506,656
"2017","47","TN","Tennessee",15,0.3,980394,18532,6555396,51319,405
"2018","47","TN","Tennessee",15.2,0.3,1003055,20169,6603092,52366,482
"1989","48","TX","Texas",17.7,0.7,2981312,117503,,26134,869
"1993","48","TX","Texas",19.6,0.9,3594462,170096,,28803,962
"1995","48","TX","Texas",18.5,0.8,3500326,152913,,31488,1084
"1996","48","TX","Texas",17.5,0.8,3360806,162397,,32773,1213
"1997","48","TX","Texas",16.7,0.8,3259559,159852,,34478,1222
"1998","48","TX","Texas",15.6,0.8,3102571,158681,19908844,35449,1235
"1999","48","TX","Texas",15.1,0.75,3071343,150740,20389994,38092,1154
"2000","48","TX","Texas",14.6,0.6,3041115,127006,20833277,39090,1328
"2001","48","TX","Texas",15,0.6,3181404,125436,21182372,40152,1230
"2002","48","TX","Texas",15.4,0.65,3341247,134848,21629776,40063,1290
"2003","48","TX","Texas",16.2,0.6,3563162,137951,21969138,39967,1186
"2004","48","TX","Texas",16.2,0.75,3610126,157968,22349572,41645,1167
"2005","48","TX","Texas",17.5,0.2,3886632,44077,22190324,42165,245
"2006","48","TX","Texas",16.9,0.15,3862741,38953,22887432,44943,284
"2007","48","TX","Texas",16.3,0.15,3787071,37672,23284184,47563,304
"2008","48","TX","Texas",15.8,0.15,3755944,38992,23727841,50049,220
"2009","48","TX","Texas",17.1,0.15,4143077,42942,24176217,48286,242
"2010","48","TX","Texas",17.9,0.2,4411273,41443,24652964,48622,341
"2011","48","TX","Texas",18.5,0.2,4627604,47602,25071118,49390,386
"2012","48","TX","Texas",17.9,0.2,4565185,43736,25450524,50747,265
"2013","48","TX","Texas",17.5,0.2,4531427,46857,25834186,51714,238
"2014","48","TX","Texas",17.2,0.2,4519548,44970,26340274,53067,373
"2015","48","TX","Texas",15.9,0.2,4255690,48173,26846185,55668,313
"2016","48","TX","Texas",15.6,0.2,4261291,46869,27236431,56583,298
"2017","48","TX","Texas",14.7,0.2,4080377,44275,27676374,59195,483
"2018","48","TX","Texas",14.9,0.2,4181623,49043,28074669,60632,278
"1989","49","UT","Utah",11.8,0.45,202408,8293,,29370,1171
"1993","49","UT","Utah",11.2,1,214620,19556,,32594,1267
"1995","49","UT","Utah",9.7,0.55,197121,11877,,35160,1567
"1996","49","UT","Utah",9.4,1.05,193813,20964,,36360,1942
"1997","49","UT","Utah",10,1.05,210783,22137,,38884,1959
"1998","49","UT","Utah",10,1.05,213244,22881,2141771,41380,2014
"1999","49","UT","Utah",8.5,1.05,188053,22976,2202474,43778,1451
"2000","49","UT","Utah",8.8,0.65,198434,15061,2243729,45934,2004
"2001","49","UT","Utah",9.4,0.7,214675,15296,2280291,45914,1558
"2002","49","UT","Utah",9.7,0.75,224715,17446,2324130,46165,1929
"2003","49","UT","Utah",10,0.75,235385,17457,2355997,46709,1622
"2004","49","UT","Utah",10.3,0.9,251092,22241,2437295,47224,1663
"2005","49","UT","Utah",10.5,0.35,254761,8751,2420868,48155,829
"2006","49","UT","Utah",10.7,0.35,269611,8805,2508640,51373,543
"2007","49","UT","Utah",9.8,0.35,254385,8627,2601521,55220,708
"2008","49","UT","Utah",9.7,0.3,261556,9218,2695235,56820,687
"2009","49","UT","Utah",11.7,0.4,321441,10819,2741773,55183,742
"2010","49","UT","Utah",13.3,0.4,362689,10582,2730180,54740,590
"2011","49","UT","Utah",13.6,0.4,377396,12435,2771350,55802,757
"2012","49","UT","Utah",13,0.4,364124,11707,2806006,57067,700
"2013","49","UT","Utah",12.6,0.4,360119,11471,2851584,59715,730
"2014","49","UT","Utah",11.8,0.4,341587,10742,2897763,60943,636
"2015","49","UT","Utah",11.2,0.4,331233,10611,2947857,62961,1136
"2016","49","UT","Utah",10.2,0.4,307270,11530,3004151,65931,903
"2017","49","UT","Utah",9.7,0.4,296138,11337,3052627,68395,1128
"2018","49","UT","Utah",9.1,0.4,283562,11234,3110946,71381,719
"1989","50","VT","Vermont",9.9,0.55,54376,3117,,27937,1237
"1993","50","VT","Vermont",12.2,0.9,70186,5271,,30766,1260
"1995","50","VT","Vermont",11.2,0.8,65142,4634,,32350,1640
"1996","50","VT","Vermont",11,1,64559,5920,,33352,1947
"1997","50","VT","Vermont",9.7,1.05,56967,6073,,35210,1722
"1998","50","VT","Vermont",9.6,1,56547,5727,589133,37947,1852
"1999","50","VT","Vermont",9.3,0.9,55438,5426,596413,39571,1400
"2000","50","VT","Vermont",8.8,0.65,53236,3797,601967,40537,1753
"2001","50","VT","Vermont",8.9,0.6,53864,3696,606295,41342,1405
"2002","50","VT","Vermont",9.3,0.65,56993,4244,609673,41962,1774
"2003","50","VT","Vermont",9.2,0.65,56076,4139,612150,42649,1412
"2004","50","VT","Vermont",8.7,0.85,53305,5322,614897,44548,1560
"2005","50","VT","Vermont",10.4,0.45,62748,2871,600535,45695,978
"2006","50","VT","Vermont",10.2,0.4,61694,2454,603572,47778,1018
"2007","50","VT","Vermont",10.1,0.5,60609,2937,600232,49698,1001
"2008","50","VT","Vermont",10.4,0.5,62505,3069,599715,52111,923
"2009","50","VT","Vermont",11.5,0.55,69137,3319,600251,51219,863
"2010","50","VT","Vermont",12.4,0.6,74720,3548,600863,49393,1140
"2011","50","VT","Vermont",11.9,0.5,71378,2977,601231,52033,1209
"2012","50","VT","Vermont",11.9,0.5,71626,3037,601606,52700,1099
"2013","50","VT","Vermont",12.3,0.6,73947,3396,602556,52511,1328
"2014","50","VT","Vermont",12,0.6,72294,3435,601822,54153,1414
"2015","50","VT","Vermont",10.4,0.5,62643,3225,600659,56883,1215
"2016","50","VT","Vermont",11.3,0.6,67825,3711,600079,57661,1433
"2017","50","VT","Vermont",10.8,0.7,65068,4036,599875,58271,1691
"2018","50","VT","Vermont",10.7,0.6,64431,3587,601250,60917,1376
"1989","51","VA","Virginia",10.5,0.45,638729,28091,,32555,1194
"1993","51","VA","Virginia",12,0.85,780072,55624,,34818,1247
"1995","51","VA","Virginia",11.3,0.45,742306,27466,,36367,1562
"1996","51","VA","Virginia",11.5,0.85,769893,56846,,38510,1961
"1997","51","VA","Virginia",11.6,0.95,782827,61377,,40209,1875
"1998","51","VA","Virginia",10.2,0.95,696205,63254,6802581,42622,1846
"1999","51","VA","Virginia",9,0.9,620209,62257,6907169,44848,1411
"2000","51","VA","Virginia",8.9,0.6,620938,41586,7004972,46789,1849
"2001","51","VA","Virginia",8.8,0.6,620244,42465,7081089,48130,1572
"2002","51","VA","Virginia",9.6,0.65,692127,46899,7220171,48224,1865
"2003","51","VA","Virginia",10,0.65,724322,45956,7275601,50028,1781
"2004","51","VA","Virginia",9.5,0.75,705037,57608,7391533,51103,1517
"2005","51","VA","Virginia",10,0.25,728858,16179,7309753,54207,514
"2006","51","VA","Virginia",9.6,0.25,713181,16336,7404168,56297,443
"2007","51","VA","Virginia",9.9,0.2,739135,16697,7466132,59575,563
"2008","51","VA","Virginia",10.2,0.2,766852,18210,7518337,61210,429
"2009","51","VA","Virginia",10.6,0.25,805555,18478,7623662,59372,468
"2010","51","VA","Virginia",11.1,0.2,865746,17223,7780621,60665,443
"2011","51","VA","Virginia",11.6,0.2,912779,18546,7854277,61877,494
"2012","51","VA","Virginia",11.8,0.2,936384,17770,7936889,61782,403
"2013","51","VA","Virginia",11.7,0.2,941059,18714,8010546,62745,644
"2014","51","VA","Virginia",11.8,0.2,955541,18652,8080272,64923,605
"2015","51","VA","Virginia",11.2,0.2,914226,19013,8131331,66263,533
"2016","51","VA","Virginia",11,0.2,897244,19915,8158203,68127,723
"2017","51","VA","Virginia",10.7,0.2,876438,19675,8221001,71518,535
"2018","51","VA","Virginia",10.7,0.2,884898,19739,8264098,72600,669
"1989","53","WA","Washington",11,0.4,530146,21087,,30634,1184
"1993","53","WA","Washington",12,0.9,641990,47006,,34074,1308
"1995","53","WA","Washington",10.8,0.45,592072,25173,,37015,1642
"1996","53","WA","Washington",11.5,0.9,641386,50618,,37847,1998
"1997","53","WA","Washington",10.2,0.95,579789,55196,,41715,1963
"1998","53","WA","Washington",9.9,0.95,569830,53661,5727098,44307,2068
"1999","53","WA","Washington",9.9,0.9,574943,52244,5813321,44742,1477
"2000","53","WA","Washington",9.6,0.65,567575,37058,5884126,44846,1933
"2001","53","WA","Washington",9.9,0.65,586456,36106,5951201,46284,1723
"2002","53","WA","Washington",10.3,0.65,623019,40685,6034250,46399,1768
"2003","53","WA","Washington",11,0.7,671221,41527,6101030,48185,1473
"2004","53","WA","Washington",11.6,0.85,715271,52359,6189059,48438,1555
"2005","53","WA","Washington",12,0.25,732049,15434,6118258,49372,603
"2006","53","WA","Washington",11.8,0.25,736907,14415,6261156,52571,462
"2007","53","WA","Washington",11.4,0.2,722589,14304,6337703,55628,486
"2008","53","WA","Washington",11.3,0.25,727156,15341,6418142,58081,564
"2009","53","WA","Washington",12.3,0.3,803266,16672,6530722,56479,511
"2010","53","WA","Washington",13.5,0.3,890251,19232,6615957,55584,526
"2011","53","WA","Washington",13.9,0.3,931605,19001,6687040,56811,551
"2012","53","WA","Washington",13.6,0.3,916976,20715,6761950,57574,574
"2013","53","WA","Washington",14.1,0.3,963088,19245,6836264,58431,649
"2014","53","WA","Washington",13.2,0.3,913463,18108,6927892,61358,476
"2015","53","WA","Washington",12.2,0.3,860734,18083,7036738,64080,770
"2016","53","WA","Washington",11.3,0.2,808582,17154,7156291,67064,583
"2017","53","WA","Washington",11,0.2,799675,17872,7273730,70942,573
"2018","53","WA","Washington",10.3,0.2,761941,16410,7400548,74023,680
"1989","54","WV","West Virginia",17.2,0.85,306227,14566,,22542,1086
"1993","54","WV","West Virginia",21.7,1.3,394859,23354,,23250,1178
"1995","54","WV","West Virginia",19.9,1.15,362594,20826,,25354,1393
"1996","54","WV","West Virginia",19.9,1.25,359999,23517,,25760,1609
"1997","54","WV","West Virginia",16.8,1.35,302521,23721,,27432,1539
"1998","54","WV","West Virginia",16.8,1.1,303649,19760,1804828,28460,1722
"1999","54","WV","West Virginia",16.3,1.1,290195,19855,1779635,30108,1366
"2000","54","WV","West Virginia",15.5,0.9,273986,15685,1765944,30187,1660
"2001","54","WV","West Virginia",16.7,0.85,295753,15518,1767897,31156,1534
"2002","54","WV","West Virginia",16.1,0.9,286838,16121,1779404,30695,1668
"2003","54","WV","West Virginia",16.3,0.9,290221,16141,1782738,32967,1470
"2004","54","WV","West Virginia",16.2,1.1,288835,19415,1785918,33993,1508
"2005","54","WV","West Virginia",18,0.45,317957,8200,1763841,33466,730
"2006","54","WV","West Virginia",17.6,0.45,310842,7821,1771004,35028,584
"2007","54","WV","West Virginia",17.1,0.45,302169,7454,1763479,37057,709
"2008","54","WV","West Virginia",17.4,0.5,308064,8560,1767432,37528,972
"2009","54","WV","West Virginia",17.8,0.45,316155,7979,1771531,37423,667
"2010","54","WV","West Virginia",18.2,0.5,327459,8612,1799951,38241,806
"2011","54","WV","West Virginia",18.7,0.5,336658,9102,1802688,38587,817
"2012","54","WV","West Virginia",18,0.5,323978,8919,1801127,40188,668
"2013","54","WV","West Virginia",18.4,0.5,331674,8797,1798289,41195,718
"2014","54","WV","West Virginia",18.3,0.5,328734,8383,1793046,41030,631
"2015","54","WV","West Virginia",18,0.5,322589,9188,1793098,41969,769
"2016","54","WV","West Virginia",17.9,0.5,318368,9137,1779953,43175,1040
"2017","54","WV","West Virginia",18.5,0.5,326502,9627,1762557,43238,1263
"2018","54","WV","West Virginia",17.4,0.5,305656,9423,1753457,44038,967
"1989","55","WI","Wisconsin",9.6,0.45,465877,23299,,29101,1156
"1993","55","WI","Wisconsin",10.9,0.95,550361,46493,,32200,1270
"1995","55","WI","Wisconsin",8.9,0.6,454274,31564,,37572,1736
"1996","55","WI","Wisconsin",8.7,0.85,447899,45467,,38598,2096
"1997","55","WI","Wisconsin",9.2,0.95,478698,50081,,39800,1828
"1998","55","WI","Wisconsin",8.9,0.95,462809,49803,5228679,42169,1883
"1999","55","WI","Wisconsin",8.4,0.9,442421,46708,5274076,43301,1557
"2000","55","WI","Wisconsin",8.1,0.65,430657,32727,5288965,44503,1810
"2001","55","WI","Wisconsin",8.1,0.6,429673,31134,5319624,45435,1456
"2002","55","WI","Wisconsin",8.5,0.65,455846,34892,5372665,45377,1739
"2003","55","WI","Wisconsin",8.9,0.65,482817,34723,5398625,46538,1435
"2004","55","WI","Wisconsin",10.9,0.9,590365,48519,5429778,46142,1462
"2005","55","WI","Wisconsin",10.2,0.2,547648,11685,5355151,47141,384
"2006","55","WI","Wisconsin",10.9,0.25,589377,12896,5401380,48784,427
"2007","55","WI","Wisconsin",10.8,0.25,589168,13014,5447277,50567,358
"2008","55","WI","Wisconsin",10.5,0.25,573574,13078,5474002,52103,354
"2009","55","WI","Wisconsin",12.4,0.25,682973,14178,5495799,49994,396
"2010","55","WI","Wisconsin",13.2,0.2,731564,13674,5535787,48974,482
"2011","55","WI","Wisconsin",13.1,0.3,728099,15635,5554320,50401,420
"2012","55","WI","Wisconsin",13.2,0.2,738226,13021,5573135,51063,318
"2013","55","WI","Wisconsin",13.5,0.2,753709,13530,5593184,51474,366
"2014","55","WI","Wisconsin",13.2,0.2,737307,13965,5603483,52632,426
"2015","55","WI","Wisconsin",12.1,0.2,679937,13013,5620187,55623,424
"2016","55","WI","Wisconsin",11.8,0.3,661465,14157,5628526,56808,539
"2017","55","WI","Wisconsin",11.3,0.2,640174,13108,5645158,59300,575
"2018","55","WI","Wisconsin",11.1,0.2,626748,13569,5665101,60779,387
"1989","56","WY","Wyoming",11.6,0.6,52107,2579,,29724,1355
"1993","56","WY","Wyoming",11.9,0.95,56753,4650,,28954,1235
"1995","56","WY","Wyoming",11.5,0.85,55171,4150,,30673,1526
"1996","56","WY","Wyoming",11.1,0.95,52907,4661,,31173,1825
"1997","56","WY","Wyoming",12,1.05,57421,4999,,33197,1634
"1998","56","WY","Wyoming",11.4,1,54286,4806,477428,35868,1750
"1999","56","WY","Wyoming",11.2,0.95,54214,4520,483116,37480,1348
"2000","56","WY","Wyoming",10.4,0.65,50357,3308,482249,38934,1836
"2001","56","WY","Wyoming",10.5,0.7,51201,3538,487077,39988,1527
"2002","56","WY","Wyoming",10.6,0.8,52045,3777,491749,39772,1782
"2003","56","WY","Wyoming",10.8,0.75,53279,3721,495253,41554,1547
"2004","56","WY","Wyoming",10.3,0.9,51301,4568,498075,43785,1538
"2005","56","WY","Wyoming",10.6,0.5,52275,2516,492909,45501,1152
"2006","56","WY","Wyoming",10.3,0.5,51728,2493,499934,47819,1128
"2007","56","WY","Wyoming",9.5,0.55,48149,2714,508841,52433,1110
"2008","56","WY","Wyoming",9.5,0.55,49465,2703,518362,54735,1675
"2009","56","WY","Wyoming",10.2,0.6,53974,3166,529948,54400,1415
"2010","56","WY","Wyoming",11.4,0.6,62636,3494,551132,53757,1317
"2011","56","WY","Wyoming",11.3,0.6,62801,3327,554317,56044,1448
"2012","56","WY","Wyoming",11.9,0.7,66879,3694,561478,55104,1250
"2013","56","WY","Wyoming",10.9,0.7,62118,3777,569330,58424,1478
"2014","56","WY","Wyoming",11.2,0.6,63860,3596,570142,58291,1590
"2015","56","WY","Wyoming",10.6,0.7,60787,4078,572327,61213,1445
"2016","56","WY","Wyoming",10.9,0.7,62416,3788,571196,61686,1804
"2017","56","WY","Wyoming",10.8,0.6,61319,3641,565272,61279,1519
"2018","56","WY","Wyoming",10.7,0.7,60097,4026,563345,62259,1290
